word,n
it’s,260
time,228
don’t,213
looked,201
round,191
white,181
hand,179
door,178
miss,174
eyes,173
head,170
moment,154
dark,144
dear,138
mother,138
voice,136
i’m,129
sat,126
table,124
didn’t,123
couldn’t,121
day,121
black,120
i’ve,118
hands,115
josephine,112
house,109
life,108
hair,105
kezia,104
cried,103
wasn’t,99
beryl,98
stood,98
light,97
arms,96
people,95
woman,95
father,94
can’t,92
night,92
girl,90
bed,89
half,89
window,89
blue,88
linda,88
constantia,86
isabel,86
suddenly,86
garden,85
red,85
hat,84
cold,82
that’s,82
feel,81
laura,81
stanley,81
tea,81
i’ll,79
morning,78
ah,76
lay,76
water,76
children,75
heard,72
arm,71
lottie,71
you’re,71
chair,70
girls,70
mind,70
sun,69
pink,68
ran,68
front,66
simply,66
smile,66
won’t,66
grandma,65
left,63
love,63
william,63
smiled,62
air,61
strange,61
bright,59
home,59
top,59
glass,57
green,57
isn’t,57
sea,57
warm,57
corner,56
lips,56
quickly,56
soft,56
darling,55
nice,55
standing,55
she’d,54
boy,53
coming,53
fell,53
forward,53
laughing,53
smiling,53
walked,53
fat,52
flowers,52
hard,52
lady,52
poor,52
there’s,52
tiny,52
moss,51
sitting,51
held,50
slowly,50
sounded,50
wind,50
bit,49
heart,49
leaned,49
called,48
coat,48
pale,48
sit,48
stopped,48
feet,47
he’d,47
steps,47
waiting,47
feeling,46
hall,46
you’ve,46
evening,45
hammond,45
paper,45
past,45
fenella,44
fire,44
shut,44
bertha,43
leaves,43
lifted,43
lovely,43
matter,43
moon,43
music,43
stand,43
watch,43
beautiful,42
child,42
nose,42
pressed,42
softly,42
train,42
yellow,42
deep,41
found,41
hadn’t,41
harry,41
hold,41
inside,41
janey,41
laugh,41
laughed,41
leave,41
tree,41
alice,40
awful,40
cry,40
pulled,40
bent,39
fingers,39
grey,39
kitchen,39
late,39
letter,39
loud,39
pip,39
women,39
afternoon,38
road,38
sound,38
times,38
caught,37
drawing,37
dress,37
fine,37
gently,37
happened,37
real,37
walking,37
windows,37
brown,36
cyril,36
legs,36
mouse,36
ring,36
voices,36
wouldn’t,36
burnell,35
bye,35
dick,35
i’d,35
quiet,35
shook,35
silver,35
stared,35
trees,35
changed,34
cheeks,34
cup,34
handkerchief,34
hear,34
holding,34
hung,34
ready,34
reginald,34
rose,34
sky,34
stairs,34
taking,34
you’ll,34
basket,33
finger,33
huge,33
jug,33
meadows,33
playing,33
stop,33
thinking,33
understand,33
wide,33
asleep,32
cream,32
dead,32
decided,32
drew,32
idea,32
leila,32
middle,32
piece,32
quick,32
reggie,32
sight,32
word,32
anne,31
care,31
carriage,31
close,31
haven’t,31
nurse,31
piano,31
play,31
she’s,31
told,31
week,31
baby,30
box,30
dog,30
dropped,30
frightened,30
gold,30
heavy,30
neck,30
passed,30
pat,30
perfect,30
town,30
wait,30
cook,29
covered,29
floor,29
flung,29
forgotten,29
madam,29
minute,29
silly,29
words,29
wore,29
dressing,28
eat,28
friend,28
gate,28
god,28
grass,28
minutes,28
mirror,28
murmured,28
parker,28
remember,28
robert,28
running,28
shop,28
sweet,28
talking,28
tall,28
true,28
bear,27
bell,27
con,27
fall,27
flat,27
flew,27
gentleman,27
gloves,27
governess,27
knees,27
loved,27
read,27
run,27
smoke,27
tired,27
wall,27
waved,27
wet,27
world,27
doesn’t,26
ear,26
flower,26
fruit,26
funny,26
kate,26
lightly,26
money,26
rags,26
rolled,26
set,26
sharp,26
silence,26
smell,26
staring,26
started,26
tray,26
velvet,26
whispered,26
aunt,25
bag,25
band,25
boys,25
bring,25
bush,25
cut,25
dining,25
dinner,25
english,25
fairfield,25
fast,25
french,25
happy,25
hotel,25
ladies,25
lost,25
passage,25
perfectly,25
played,25
rang,25
sad,25
sang,25
servant,25
stick,25
what’s,25
absurd,24
answer,24
broken,24
brought,24
charlotte,24
cigarette,24
coffee,24
eye,24
fond,24
immense,24
jonathan,24
jose,24
led,24
let’s,24
madame,24
mine,24
mother’s,24
pocket,24
singing,24
swung,24
walk,24
wife,24
answered,23
breast,23
chairs,23
dream,23
expect,23
faint,23
hennie,23
hot,23
letters,23
ma,23
meant,23
person,23
pushed,23
rate,23
shoes,23
step,23
suppose,23
talk,23
thin,23
bread,22
clothes,22
dreadful,22
drive,22
driver,22
friends,22
ice,22
jumped,22
move,22
moved,22
picture,22
pretty,22
queer,22
reached,22
shoulders,22
surprised,22
weak,22
wonderful,22
begin,21
blind,21
breath,21
carried,21
charming,21
clasped,21
crying,21
doors,21
father’s,21
grandfather,21
josephs,21
lawn,21
line,21
silent,21
sort,21
stay,21
taxi,21
ten,21
thirty,21
usual,21
wrong,21
birds,20
book,20
breathed,20
broad,20
broke,20
couple,20
ears,20
extraordinary,20
fulton,20
heads,20
hill,20
lying,20
met,20
neave,20
party,20
path,20
samuel,20
sing,20
watched,20
watching,20
wild,20
afraid,19
chap,19
curious,19
fair,19
fellow,19
filled,19
foot,19
fresh,19
kember,19
lamp,19
low,19
mouth,19
noticed,19
powder,19
roses,19
silk,19
sister,19
sleep,19
stewardess,19
straight,19
stretched,19
they’d,19
thick,19
touched,19
trouble,19
twenty,19
umbrella,19
verandah,19
write,19
you’d,19
beat,18
boat,18
body,18
bottle,18
boxes,18
cab,18
call,18
carrying,18
closed,18
creature,18
curtains,18
dressed,18
faintly,18
fan,18
giving,18
happen,18
hope,18
iron,18
laid,18
laurie,18
leaning,18
married,18
notice,18
office,18
raised,18
sheep,18
shone,18
shoulder,18
special,18
spoke,18
strong,18
stuck,18
supper,18
understood,18
veranda,18
waiter,18
appeared,17
bad,17
bird,17
butter,17
café,17
cap,17
cheek,17
chin,17
colour,17
cross,17
crossed,17
dashed,17
die,17
died,17
dreadfully,17
fish,17
food,17
handed,17
imagine,17
jacket,17
lap,17
lighted,17
listening,17
lived,17
marie,17
moving,17
opposite,17
o’clock,17
pair,17
pleased,17
quivering,17
shaking,17
sheridan,17
short,17
shouted,17
sir,17
slow,17
snow,17
station,17
touch,17
waited,17
written,17
alive,16
aren’t,16
beach,16
bedroom,16
bought,16
break,16
collar,16
coo,16
edge,16
empty,16
explained,16
family,16
fly,16
folded,16
gay,16
glad,16
glanced,16
hanging,16
hated,16
houses,16
kiss,16
leaf,16
lift,16
lights,16
london,16
luggage,16
makes,16
marvellous,16
monica,16
morrow,16
noise,16
porter,16
post,16
pressing,16
reason,16
remembered,16
rest,16
seat,16
shawl,16
sprang,16
stepped,16
stubbs,16
tie,16
tossed,16
we’ve,16
wondered,16
absolutely,15
bottom,15
bull,15
cape,15
ceiling,15
chance,15
chest,15
class,15
drawers,15
exquisite,15
forget,15
glance,15
grandmother,15
hurry,15
husband,15
knife,15
knocked,15
live,15
milk,15
monsieur,15
possibly,15
shadow,15
sigh,15
sighed,15
squeezed,15
stage,15
stammered,15
street,15
they’re,15
threw,15
tied,15
till,15
wearing,15
wharf,15
bare,14
bosom,14
bowl,14
breathing,14
bushes,14
carpet,14
catch,14
change,14
crowd,14
curled,14
difference,14
drawn,14
escape,14
ethel,14
fallen,14
finally,14
forgot,14
gentle,14
habit,14
hang,14
heaven,14
heavens,14
he’s,14
hole,14
horrible,14
immediately,14
impossible,14
kissed,14
lean,14
lilies,14
lunch,14
one’s,14
paddock,14
parasol,14
pause,14
question,14
sadie,14
sand,14
secret,14
shan’t,14
sleeping,14
speak,14
straw,14
studio,14
sunday,14
telephone,14
tight,14
tucked,14
upstairs,14
wear,14
wings,14
ago,13
american,13
apron,13
babies,13
ball,13
beard,13
beautifully,13
beginning,13
blew,13
bobby,13
boots,13
breakfast,13
brill,13
brush,13
buried,13
button,13
cake,13
clock,13
clouds,13
countess,13
delighted,13
dirty,13
disappeared,13
doctor,13
dust,13
earth,13
excitement,13
expected,13
finished,13
floated,13
forehead,13
frightfully,13
furniture,13
glasses,13
glittering,13
glove,13
ground,13
ha,13
hats,13
hours,13
hurt,13
lace,13
leaving,13
lid,13
lip,13
listen,13
living,13
lord,13
mary,13
meet,13
moira,13
mysterious,13
page,13
papers,13
peacock,13
picked,13
pinner,13
plate,13
putting,13
rich,13
river,13
sank,13
shake,13
ship,13
sign,13
spent,13
stars,13
struck,13
thrust,13
wine,13
age,12
allowed,12
antonio,12
beryl’s,12
buggy,12
bunch,12
captain,12
carefully,12
cat,12
cool,12
days,12
dennis,12
eager,12
easy,12
eating,12
false,12
firm,12
flying,12
fur,12
grown,12
harold,12
horrid,12
horror,12
job,12
john,12
kindly,12
laughter,12
leapt,12
listened,12
longed,12
managed,12
manager,12
mistake,12
note,12
pity,12
positively,12
puff,12
rubbed,12
rushed,12
sandy,12
simple,12
sleeve,12
smelled,12
storeman,12
stout,12
stove,12
summer,12
supposed,12
teeth,12
terrible,12
terribly,12
throat,12
throw,12
waitress,12
wave,12
waving,12
we’re,12
whistle,12
wished,12
wondering,12
andrews,11
arranged,11
balcony,11
bay,11
beauty,11
bill,11
bliss,11
blowing,11
brass,11
card,11
chocolate,11
cloth,11
country,11
deck,11
difficult,11
dove,11
drank,11
egg,11
eh,11
faced,11
follow,11
forgive,11
fox,11
free,11
fried,11
fräulein,11
gardens,11
george,11
golden,11
grew,11
harbour,11
hidden,11
hurried,11
interrupted,11
island,11
keeping,11
leather,11
literary,11
match,11
meg,11
moonlight,11
mournful,11
munich,11
narrow,11
offered,11
overcome,11
painted,11
parties,11
paused,11
pictures,11
pillow,11
pockets,11
pot,11
purple,11
relief,11
ribbons,11
seized,11
sense,11
shell,11
shouldn’t,11
shy,11
single,11
skirt,11
sleepy,11
sleeves,11
snatched,11
snooker,11
soul,11
spots,11
square,11
stones,11
stupid,11
suit,11
sunlight,11
tail,11
talked,11
trembling,11
vague,11
weren’t,11
withered,11
woke,11
writing,11
added,10
attention,10
awake,10
bath,10
bending,10
bits,10
blow,10
books,10
bowing,10
brother,10
brushed,10
burst,10
buy,10
calm,10
cart,10
company,10
concierge,10
content,10
dancing,10
dish,10
drag,10
drops,10
drunk,10
dry,10
dusky,10
eddie,10
effort,10
eyelids,10
faded,10
farolles,10
fascinating,10
floating,10
fringe,10
handle,10
hullo,10
joy,10
knitting,10
loudly,10
marquee,10
months,10
mustn’t,10
orange,10
paid,10
pansies,10
paris,10
plates,10
prayers,10
pretended,10
proud,10
quivered,10
rain,10
replied,10
rock,10
rolling,10
roof,10
rush,10
scott,10
send,10
snapped,10
sobbed,10
solemn,10
solid,10
soup,10
speaking,10
steep,10
strawberries,10
striped,10
stuff,10
surely,10
surprise,10
tears,10
tender,10
thrown,10
veil,10
violets,10
whisper,10
wooden,10
wrote,10
_reprinted_,9
adrian,9
affair,9
arrived,9
auntie,9
awkward,9
bee,9
begun,9
blood,9
blouse,9
bother,9
bound,9
bow,9
bowed,9
brilliant,9
bullen,9
business,9
cabin,9
car,9
carry,9
carved,9
charles,9
clutched,9
coloured,9
common,9
cotton,9
courage,9
crimson,9
curls,9
dance,9
deal,9
delicate,9
delicious,9
dew,9
dragged,9
dragging,9
draw,9
drink,9
drinking,9
duck,9
ellen,9
em,9
englishman,9
enormous,9
excuse,9
exhausted,9
eyebrows,9
fearfully,9
feathers,9
fifteen,9
final,9
flannel,9
flies,9
frowned,9
gates,9
gleamed,9
happiness,9
hate,9
hollow,9
hour,9
hundreds,9
jar,9
kettle,9
klaymongso,9
knee,9
leg,9
linen,9
longing,9
mantelpiece,9
marry,9
nanny,9
neat,9
nervous,9
norman,9
nursery,9
partner,9
passing,9
petals,9
pin,9
pinafore,9
pleasure,9
pull,9
rail,9
rocked,9
saturday,9
scarcely,9
settled,9
shabby,9
size,9
slender,9
smoking,9
spend,9
spite,9
start,9
stayed,9
stone,9
strangely,9
suggested,9
swing,9
tables,9
teapot,9
tear,9
telling,9
tennis,9
tip,9
treat,9
trousers,9
truth,9
tugged,9
ugly,9
vaguely,9
wailed,9
wyatt,9
yesterday,9
accident,8
ages,8
aloud,8
ash,8
ate,8
banged,8
bank,8
beds,8
bigger,8
blushing,8
bridge,8
burned,8
chaps,8
charmed,8
cigar,8
clean,8
climbing,8
colonel,8
cruel,8
crumpled,8
cups,8
cushion,8
cushions,8
cutting,8
daddy,8
danced,8
dare,8
death,8
decide,8
discovered,8
donkey,8
donkeys,8
dreamy,8
england,8
enjoying,8
explain,8
fancy,8
figure,8
fill,8
firmly,8
flashed,8
flutter,8
form,8
français,8
frock,8
gasped,8
gazed,8
german,8
gown,8
gran,8
grandma’s,8
guitar,8
handful,8
handsome,8
happening,8
hideous,8
h’m,8
im,8
isabel’s,8
knight,8
land,8
lashes,8
lennie,8
lesson,8
lines,8
literature,8
lives,8
lot,8
mademoiselle,8
master,8
meringues,8
miles,8
modern,8
moments,8
names,8
ne,8
newspaper,8
nodded,8
nodding,8
palm,8
pardon,8
parle,8
pas,8
pass,8
pear,8
pearl,8
perched,8
period,8
pinched,8
pineapple,8
plain,8
popped,8
porch,8
precious,8
pushing,8
queet,8
reading,8
realize,8
ribbon,8
ringing,8
rings,8
sandwiches,8
satin,8
satisfactory,8
school,8
screamed,8
shaped,8
sheet,8
shot,8
silvery,8
sits,8
sofa,8
spider,8
splendid,8
spoon,8
stands,8
stem,8
stiff,8
story,8
stroked,8
suffer,8
sugar,8
swept,8
terrier,8
thread,8
toes,8
towel,8
tremendous,8
valley,8
washed,8
we’ll,8
_so_,7
agree,7
ahead,7
aloe,7
amount,7
ancient,7
arrange,7
astonished,7
baa,7
bacon,7
barrel,7
bathe,7
bathing,7
beating,7
belt,7
bite,7
blinds,7
board,7
bonnet,7
bored,7
breathe,7
brightly,7
cage,7
calling,7
candle,7
cane,7
cards,7
carelessly,7
caw,7
clasping,7
closer,7
club,7
coach,7
comfortable,7
contralto,7
cooked,7
corridor,7
couples,7
crescent,7
curl,7
dared,7
dash,7
daughter,7
dazzling,7
de,7
decent,7
disturb,7
dogs,7
dropping,7
ducks,7
easily,7
eggs,7
envelope,7
exciting,7
fade,7
familiar,7
famous,7
fault,7
feather,7
flushed,7
fool,7
foreign,7
frank,7
friendly,7
fro,7
gaily,7
gas,7
ginger,7
gleaming,7
glided,7
godber’s,7
grapes,7
growing,7
hallo,7
hasn’t,7
here’s,7
hills,7
horse,7
horses,7
ices,7
imagined,7
incredible,7
jean,7
jersey,7
jove,7
kisses,7
knot,7
knowing,7
lane,7
leaping,7
lump,7
marble,7
mark,7
mater,7
memory,7
miserable,7
mistress,7
monday,7
motionless,7
muff,7
murmur,7
needn’t,7
oo,7
organ,7
pad,7
paddocks,7
palms,7
pavement,7
peg,7
penny,7
phrase,7
pickle,7
picton,7
pine,7
pinned,7
pipe,7
platform,7
pool,7
purpose,7
purse,7
raddick,7
rare,7
reply,7
rocking,7
rot,7
scattered,7
screwed,7
sh,7
shade,7
shadowy,7
shallow,7
sharply,7
shepherd,7
shining,7
shock,7
signed,7
slightest,7
slipped,7
song,7
sounds,7
spring,7
stare,7
stool,7
study,7
swinging,7
tails,7
takes,7
tenderly,7
thump,7
tickets,7
timid,7
tongs,7
treasure,7
tremble,7
trembled,7
trout,7
trust,7
unbuttoned,7
understanding,7
wake,7
walls,7
waves,7
weeks,7
wheeled,7
whispering,7
whistling,7
wicked,7
wing,7
wood,7
wool,7
worry,7
worst,7
abroad,6
absolute,6
accepted,6
agony,6
airy,6
altogether,6
ashamed,6
astonishment,6
basin,6
beams,6
begins,6
believed,6
belonged,6
benny,6
biting,6
blazed,6
blushed,6
brave,6
breaking,6
bud,6
buildings,6
burnells,6
burning,6
bursting,6
butterfly,6
buttoned,6
cashier,6
cats,6
champagne,6
children’s,6
christmas,6
church,6
cluster,6
conscious,6
considered,6
court,6
crept,6
danger,6
dangerous,6
deeply,6
deliberately,6
delightful,6
desperate,6
devil,6
dill,6
divine,6
doctor’s,6
doll,6
double,6
downstairs,6
dripping,6
driving,6
dusty,6
edges,6
effect,6
eleven,6
engine,6
enjoy,6
equally,6
er,6
evenings,6
expression,6
extravagant,6
extremely,6
fashion,6
faster,6
franc,6
frightening,6
funeral,6
future,6
game,6
gangway,6
gesture,6
glare,6
glowing,6
grand,6
grandpa,6
greet,6
grin,6
grinned,6
grow,6
heat,6
heavenly,6
hee,6
heels,6
helping,6
hide,6
human,6
ideal,6
idiotic,6
ill,6
immensely,6
indian,6
jam,6
johnson,6
joyful,6
jump,6
kane,6
keen,6
kiddies,6
kill,6
killed,6
kimono,6
kissing,6
kitten,6
landing,6
laura’s,6
lily,6
luck,6
maid,6
market,6
marks,6
marriage,6
meat,6
melted,6
mild,6
mocked,6
monkey,6
mounted,6
movement,6
mug,6
muttered,6
m’m,6
nan,6
nature,6
needle,6
nonsense,6
overcoat,6
pain,6
passengers,6
patch,6
pay,6
peaceful,6
photograph,6
photographs,6
pick,6
picking,6
pillows,6
pins,6
practical,6
prefer,6
press,6
prove,6
puffed,6
pulling,6
radiant,6
rattled,6
rattling,6
repeated,6
restless,6
roll,6
rooster,6
rug,6
rule,6
russia,6
salesby,6
sandwich,6
satisfaction,6
saucer,6
scarf,6
scarlet,6
scene,6
serge,6
servants,6
shared,6
shells,6
shirt,6
shivered,6
shrieked,6
shudder,6
shutting,6
silently,6
silky,6
sill,6
skin,6
socks,6
spread,6
steady,6
steam,6
stifling,6
stomach,6
streets,6
strode,6
successful,6
suffering,6
sung,6
swimming,6
tearing,6
terrified,6
thirsty,6
thirteen,6
thou,6
thrilling,6
timidly,6
tin,6
tips,6
topknots,6
tops,6
toque,6
tore,6
torn,6
tragic,6
trailed,6
travelling,6
triumph,6
tucking,6
tugging,6
tumbled,6
tune,6
ugh,6
umbrellas,6
undressed,6
utterly,6
view,6
wonderfully,6
wrapped,6
writer,6
ye,6
yer,6
_do_,5
_garçon_,5
_je,5
_very_,5
ached,5
actress,5
agreed,5
ain’t,5
almond,5
anguish,5
arnholdt,5
autumn,5
banana,5
bang,5
basil,5
baskets,5
bathed,5
baton,5
beast,5
benches,5
bithem,5
bodice,5
bogey,5
boiled,5
bold,5
bone,5
boot,5
bowler,5
bringing,5
brittle,5
brooch,5
bubbling,5
buds,5
bungalow,5
bungalows,5
burnt,5
cabs,5
canvas,5
caps,5
careful,5
centre,5
cherries,5
chill,5
china,5
chop,5
claws,5
cloud,5
coal,5
coaxed,5
comfort,5
constantia’s,5
counter,5
cries,5
crown,5
crushed,5
cupboard,5
daffodils,5
daisy,5
darkness,5
daylight,5
dears,5
deserted,5
determined,5
dishes,5
doves,5
drawled,5
dreamed,5
dreaming,5
dresses,5
drop,5
drying,5
dull,5
dusk,5
eaten,5
echoed,5
edged,5
eiderdown,5
elbows,5
elderly,5
embroidered,5
endless,5
enfolded,5
enjoyed,5
ermine,5
esplanade,5
falling,5
farther,5
fashioned,5
fatal,5
favourite,5
fearful,5
fence,5
fenella’s,5
fetch,5
fiddle,5
fields,5
fighting,5
finish,5
flame,5
flicked,5
flight,5
flock,5
fork,5
fowls,5
frame,5
frau,5
frill,5
fun,5
furious,5
gathered,5
gentlemen,5
geranium,5
glittered,5
goodness,5
grabbed,5
gracious,5
granma,5
gran’s,5
grave,5
greeting,5
groaned,5
haggard,5
hearing,5
hears,5
hearts,5
helped,5
honeymoon,5
hoped,5
hum,5
hunt,5
impatient,5
indifferent,5
ink,5
jelly,5
johnny,5
joined,5
jolly,5
josephine’s,5
kinds,5
landlady,5
lavender,5
law,5
leap,5
letting,5
lie,5
likes,5
linda’s,5
lit,5
lock,5
lola,5
lottie’s,5
loving,5
lowered,5
lowest,5
lucky,5
maddening,5
manage,5
man’s,5
means,5
measure,5
mice,5
millie,5
missed,5
mist,5
moustache,5
muffled,5
muslin,5
nest,5
notes,5
nut,5
nuts,5
oars,5
occasions,5
olive,5
orchard,5
ordinary,5
oysters,5
pages,5
parcels,5
parisian,5
passion,5
patience,5
patted,5
pieces,5
piled,5
ping,5
pit,5
pleaded,5
pleasant,5
postman,5
poured,5
pouring,5
pressure,5
pretending,5
princes,5
psychology,5
puffs,5
puzzled,5
qua,5
quarter,5
quietly,5
raining,5
realized,5
recovered,5
refused,5
rested,5
revolting,5
ride,5
ridiculous,5
roaring,5
rocker,5
rolls,5
rude,5
ruffled,5
ruined,5
runs,5
rushing,5
rustling,5
science,5
scissors,5
setting,5
shelf,5
shivering,5
shoe,5
shout,5
shower,5
shutters,5
sick,5
sie,5
signet,5
sixpence,5
slammed,5
sliding,5
slippers,5
slipping,5
sly,5
smooth,5
speckled,5
spectacles,5
splashed,5
spoons,5
spreading,5
stained,5
stamped,5
star,5
steamer,5
steward,5
stirring,5
stooped,5
stranger,5
strangers,5
strawberry,5
stream,5
stroking,5
stuffed,5
success,5
suffered,5
swam,5
swan,5
sweetly,5
swollen,5
ta,5
tapped,5
temper,5
terrifying,5
theatre,5
thumb,5
timbuck’s,5
toe,5
tomato,5
tongue,5
tremendously,5
trick,5
troubled,5
tum,5
tying,5
uncle,5
unknown,5
upright,5
vain,5
vase,5
verbena,5
vine,5
vision,5
voyage,5
waist,5
wardrobe,5
warren,5
washing,5
washstand,5
weather,5
web,5
whip,5
whipped,5
whiskers,5
whisky,5
winter,5
woman’s,5
woolly,5
workmen,5
worn,5
_dear_,4
_fast,4
_was_,4
absorbed,4
acting,4
affected,4
afternoons,4
anchor,4
anger,4
angry,4
animals,4
anxiously,4
appetite,4
arched,4
ardently,4
arranging,4
arrive,4
artist,4
arum,4
attractive,4
bags,4
banging,4
banks,4
bark,4
bawled,4
beads,4
beam,4
beamed,4
beggar,4
biscuit,4
bitter,4
blinking,4
blob,4
blotting,4
blows,4
bodies,4
boogles,4
born,4
bouquet,4
boyish,4
breathless,4
brimming,4
brushes,4
brushing,4
buddha,4
bumped,4
bus,4
busy,4
buttons,4
cared,4
carts,4
catching,4
chain,4
cheap,4
check,4
childhood,4
chorus,4
chose,4
circle,4
clasp,4
clayton,4
clusters,4
coil,4
colder,4
complicated,4
concert,4
concerts,4
connie,4
copy,4
cork,4
cottage,4
cottages,4
couch,4
coughed,4
counting,4
countless,4
cover,4
crack,4
crane,4
creeping,4
crooked,4
crouched,4
dairy,4
daisies,4
darted,4
dawn,4
delight,4
desire,4
despair,4
difficulty,4
dinners,4
dipped,4
disgust,4
disgusting,4
dissolved,4
distance,4
doubt,4
dray,4
dreams,4
drifting,4
drummed,4
dully,4
ease,4
easier,4
east,4
elbow,4
emptied,4
everybody’s,4
excited,4
exercises,4
expecting,4
extraordinarily,4
eyed,4
eyeglasses,4
facing,4
faintest,4
fairy,4
fanning,4
fastened,4
feathery,4
fifty,4
fight,4
figures,4
filling,4
filthy,4
fixed,4
flags,4
flapping,4
fleetly,4
float,4
florrie,4
flowed,4
fourteen,4
fowl,4
fright,4
fumbled,4
furry,4
gangways,4
gaze,4
gazing,4
gestures,4
giant,4
gilt,4
glimpse,4
gloomy,4
god’s,4
grain,4
grandmother’s,4
grandson,4
grimace,4
guest,4
gurgled,4
ham,4
hanged,4
hans,4
haw,4
heartless,4
heavily,4
hedges,4
hell,4
helpful,4
hid,4
hiding,4
hish,4
holes,4
honour,4
horn,4
hovered,4
how’s,4
hugging,4
hundred,4
hungry,4
ian,4
imaginary,4
imbecile,4
imitation,4
inclined,4
incredibly,4
innocent,4
insect,4
inserted,4
instance,4
instant,4
intended,4
introduce,4
je,4
jerked,4
journey,4
key,4
kezia’s,4
kitty,4
knelt,4
knock,4
knocking,4
knotted,4
lad,4
landlord,4
ledge,4
lemon,4
lifting,4
list,4
locked,4
lonely,4
madrid,4
manuka,4
marched,4
marigolds,4
marion,4
mass,4
matches,4
melon,4
mention,4
meringue,4
minds,4
misery,4
mocking,4
motor,4
mournfully,4
mummy,4
nail,4
napkins,4
natural,4
neighbours,4
nod,4
oak,4
occasion,4
occasionally,4
outer,4
outspread,4
owls,4
pairs,4
palings,4
pane,4
parched,4
parrots,4
passionately,4
patches,4
pathetic,4
patting,4
pebbles,4
peered,4
pen,4
perambulator,4
petal,4
petticoat,4
plainly,4
plan,4
planted,4
plants,4
plays,4
plump,4
plush,4
poems,4
porridge,4
position,4
potatoes,4
pots,4
pounced,4
pounds,4
powdered,4
pretend,4
pride,4
promised,4
proper,4
pupils,4
pym,4
questions,4
quilt,4
quiver,4
quotation,4
rack,4
rails,4
railway,4
remained,4
reminded,4
reminds,4
replying,4
rescue,4
rid,4
ripples,4
rocks,4
rope,4
rounded,4
row,4
rum,4
russian,4
safety,4
sailor,4
sake,4
sardines,4
sausage,4
save,4
scented,4
scones,4
screaming,4
scullery,4
searched,4
sending,4
sentence,4
settle,4
shape,4
share,4
shiver,4
shore,4
shouting,4
shuddered,4
shuddering,4
sincere,4
sinking,4
skins,4
skirts,4
slap,4
slice,4
slip,4
slope,4
smelling,4
smith,4
smoothing,4
snap,4
snatch,4
sniffed,4
snip,4
snooker’s,4
soap,4
sob,4
soldiers,4
solemnly,4
son,4
spare,4
sparrows,4
spiders,4
spine,4
spoilt,4
spot,4
spotted,4
sprinkled,4
staggered,4
stamping,4
stanley’s,4
stern,4
stirred,4
strain,4
strained,4
streamed,4
streaming,4
strength,4
stretching,4
striking,4
string,4
stroke,4
stronger,4
strongly,4
stumped,4
suits,4
sundays,4
sweeping,4
sworn,4
sympathetic,4
taller,4
tapping,4
tassel,4
telegram,4
terror,4
they’ll,4
they’ve,4
thousand,4
tide,4
tilted,4
tooth,4
tossing,4
touching,4
toys,4
tram,4
transparent,4
trap,4
trimmed,4
trotted,4
tubs,4
tuck,4
tuesday,4
twelve,4
twig,4
twitching,4
unbearable,4
underneath,4
unfamiliar,4
unpleasant,4
ups,4
urgent,4
vanity,4
vile,4
visit,4
vulgar,4
walks,4
warned,4
wash,4
washhouse,4
wavy,4
wax,4
weight,4
wheezed,4
whistled,4
who’d,4
winked,4
wiping,4
wire,4
worse,4
wretched,4
wrung,4
1921,3
_are_,3
_dames,3
_dreadful_,3
_en,3
_false,3
_gehen,3
_her_,3
_much_,3
_my,3
_on_,3
_passes,3
_roo,3
_salon_,3
_thud_,3
_très_,3
_wee_,3
accustomed,3
ache,3
act,3
admirable,3
afford,3
aisle,3
amusing,3
angrily,3
appalling,3
art,3
artistic,3
ary,3
augsburg,3
australian,3
ave,3
avenue,3
awning,3
azaleas,3
baize,3
baker,3
baker’s,3
baking,3
basins,3
bass,3
bathroom,3
bead,3
beasts,3
beaten,3
beazley,3
beckoned,3
beef,3
beer,3
beetles,3
beg,3
beggars,3
begged,3
bel,3
bells,3
belly,3
bench,3
bend,3
bends,3
berries,3
bertha’s,3
betty,3
beware,3
bewildered,3
biddy,3
bills,3
biscuits,3
blackness,3
blancmange,3
blanket,3
blond,3
blonde,3
bloom,3
boa,3
boats,3
boiling,3
bones,3
border,3
bore,3
bottles,3
boundless,3
bowled,3
bows,3
brain,3
breaks,3
breasts,3
breeze,3
brim,3
broadly,3
brs,3
brute,3
bubbled,3
bubbles,3
bucket,3
building,3
bunk,3
bureau,3
buttah,3
cabbage,3
cakes,3
calico,3
camels,3
cans,3
cardboard,3
carnations,3
carpets,3
carriages,3
carving,3
cemetery,3
ceylon,3
char,3
chase,3
chasing,3
cheeky,3
chicken,3
childish,3
child’s,3
chilly,3
chimed,3
chinese,3
chock,3
choose,3
chosen,3
chrysanthemum,3
chucked,3
cigarettes,3
cinema,3
cleaned,3
clicked,3
climbed,3
cloak,3
closing,3
clumps,3
clumsy,3
clustered,3
coarse,3
cocoa,3
coins_,3
coldly,3
collars,3
colony,3
colours,3
comb,3
combed,3
combing,3
comfortably,3
communion,3
compartment,3
confess,3
confiding,3
confounded,3
congratulate,3
conspicuous,3
contrary,3
control,3
conversation,3
convinced,3
coral,3
cornered,3
corners,3
corridors,3
cosy,3
cousin,3
cousins,3
crabs,3
crammed,3
creak,3
creaked,3
creamy,3
creatures,3
creek,3
crusts,3
cuffs,3
curling,3
curse,3
cursed,3
curtain,3
curved,3
customers,3
dab,3
dainty,3
damp,3
dashing,3
daytime,3
deceived,3
dentist,3
describe,3
desperately,3
diamond,3
dick’s,3
digging,3
dim,3
dine,3
direction,3
disappearing,3
disguise,3
distracted,3
dive,3
dividing,3
dodging,3
dod’t,3
dolls,3
doorway,3
dozen,3
drawer,3
dreamily,3
drenched,3
dresser,3
drifted,3
drill,3
drooped,3
drooping,3
drowned,3
drumming,3
eagerly,3
earnestly,3
eldest,3
emerged,3
enchanting,3
energy,3
engines,3
established,3
eternity,3
exact,3
examined,3
excellent,3
expand,3
expenses,3
experience,3
experienced,3
expert,3
extra,3
fairfield’s,3
farm,3
feels,3
fetched,3
field,3
fiercely,3
fiery,3
fills,3
finding,3
firelight,3
fishes,3
fishing,3
flattened,3
flesh,3
flicker,3
flickered,3
flicking,3
flights,3
fling,3
floors,3
flour,3
flow,3
flowing,3
fluff,3
fluffy,3
flush,3
flute,3
fluttered,3
flutters,3
foam,3
forbid,3
forbidden,3
forks,3
forlorn,3
forms,3
fountain,3
freckled,3
freshly,3
friendship,3
frighten,3
fringed,3
frowning,3
fuchsia,3
fuss,3
gaven,3
geraniums,3
germany,3
giggling,3
girl’s,3
glared,3
glaring,3
gleam,3
gliding,3
glimmer,3
gloom,3
glow,3
glowed,3
gnawing,3
government,3
graciously,3
gramophone,3
grasped,3
grassy,3
greasy,3
greenish,3
greeny,3
grim,3
groan,3
grows,3
grudge,3
grunewald,3
gum,3
gwen,3
haired,3
handing,3
handy,3
harvest,3
hassock,3
hateful,3
hauptbahnhof,3
headed,3
health,3
heliotrope,3
hesitate,3
hesitated,3
hesitating,3
hillo,3
hobbies,3
holds,3
holiday,3
hook,3
hop,3
hopeless,3
hoping,3
hopped,3
horns,3
hugged,3
hurled,3
hurrying,3
huskily,3
hysterical,3
iced,3
ideas,3
idiot,3
ii,3
impressed,3
impression,3
impudent,3
inch,3
insisted,3
intensely,3
interior,3
introduced,3
invalid,3
isa,3
ivy,3
jade,3
japanese,3
jars,3
jerk,3
jose’s,3
journeys,3
juice,3
jungle,3
kadgit,3
kember’s,3
kicked,3
kid,3
kindness,3
knickers,3
laces,3
ladder,3
lament,3
lamplight,3
language,3
languid,3
laying,3
lead,3
leading,3
leaped,3
leisurely,3
length,3
lessons,3
lightning,3
lilac,3
limp,3
liner,3
lingered,3
lo,3
loaf,3
loathe,3
loneliness,3
loop,3
looping,3
lose,3
lower,3
macewen,3
mad,3
mania,3
marigold,3
marmalade,3
masses,3
mast,3
matilda,3
meal,3
meals,3
meaningly,3
medicine,3
meek,3
melt,3
mentioned,3
men’s,3
message,3
mightn’t,3
mile,3
minded,3
minnie,3
mixed,3
moan,3
monkeys,3
monocle,3
month,3
mornings,3
morrison,3
mountain,3
mysteriously,3
mystery,3
nails,3
naked,3
nasturtiums,3
nearer,3
necessities,3
nerves,3
nervousness,3
net,3
news,3
nightgown,3
north,3
nowadays,3
oat,3
occasional,3
offended,3
oily,3
oneself,3
ooh,3
other’s,3
oughtn’t,3
overlooking,3
pail,3
paint,3
painting,3
pals,3
pang,3
panting,3
pantry,3
papa,3
parcel,3
partners,3
passes,3
paths,3
pattern,3
paw,3
paws,3
peculiar,3
peel,3
pegs,3
performance,3
perfume,3
perfumes,3
persistent,3
phone,3
pile,3
pinks,3
plaid,3
plait,3
plans,3
plant,3
poem,3
poked,3
poky,3
poles,3
polished,3
polishing,3
pools,3
popular,3
pork,3
portmanteaux,3
positive,3
possessed,3
pouting,3
pray,3
prepared,3
preposterous,3
presently,3
printed,3
private,3
privately,3
profession,3
programme,3
promise,3
public,3
pudding,3
pure,3
pursed,3
quality,3
quarrelled,3
raced,3
rage,3
ram,3
rank,3
rapped,3
rarely,3
rattle,3
reach,3
reckless,3
recklessly,3
recognized,3
recover,3
reddish,3
refuse,3
reginald’s,3
regret,3
repeat,3
respectable,3
respond,3
restaurant,3
result,3
reward,3
ringed,3
rippling,3
rise,3
rising,3
roo,3
roots,3
roped,3
rotunda,3
rough,3
rub,3
rubbish,3
rugs,3
sadly,3
safe,3
safely,3
sailed,3
salad,3
salt,3
saucepan,3
savagely,3
scent,3
scheme,3
scraped,3
scratch,3
scream,3
scurried,3
seated,3
seizing,3
seldom,3
select,3
sensation,3
sensitive,3
sentimental,3
separate,3
serve,3
seules_,3
severe,3
shadows,3
shaken,3
shapes,3
shavings,3
shed,3
sheets,3
sheridans,3
she’ll,3
shilling,3
shillings,3
shocked,3
shops,3
shores,3
shrank,3
shrilled,3
sip,3
sipped,3
sixty,3
skimmed,3
skinny,3
slam,3
slams,3
slapped,3
slapping,3
sleek,3
slices,3
slid,3
smack,3
smelt,3
smoked,3
smoky,3
snakes,3
snug,3
sofas,3
sold,3
soldier,3
sombre,3
somebody’s,3
sooner,3
sorrowful,3
spanish,3
spanned,3
spasm,3
spears,3
spectacle,3
sped,3
spilled,3
spinning,3
spirit,3
splashing,3
spoil,3
sponge,3
sprawled,3
spray,3
squeak,3
ss,3
st,3
stale,3
stalked,3
stalks,3
statues,3
staying,3
stepping,3
sternly,3
sticking,3
stifled,3
stile,3
stopping,3
store,3
stories,3
stowed,3
strapped,3
stratford,3
strings,3
stubbs’s,3
stuffy,3
stump,3
subdued,3
subject,3
submerged,3
substantial,3
succeeded,3
sucking,3
sudden,3
suitable,3
sum,3
superior,3
supposing,3
sweets,3
swell,3
swelled,3
swerved,3
swift,3
swiftly,3
swim,3
swooped,3
syringa,3
tame,3
tangerine,3
tap,3
taps,3
tassels,3
tasted,3
tempted,3
terrific,3
text,3
thanked,3
thing’s,3
thorns,3
thousands,3
thrill,3
thumbs,3
tickle,3
tidy,3
tinkling,3
tissue,3
toed,3
tomahawk,3
tone,3
topknot,3
topping,3
towels,3
travelled,3
triumphant,3
trod,3
tuk,3
tumbling,3
tuppence,3
tweed,3
twiddling,3
twinkled,3
twisted,3
type,3
ulster,3
um,3
uncovered,3
underlip,3
undid,3
unforgettable,3
unhooked,3
unlike,3
untied,3
upset,3
utter,3
vast,3
vegetable,3
victoria,3
violet,3
virgin,3
vividly,3
wag,3
wandered,3
warmth,3
wasted,3
wavered,3
weary,3
weed,3
wept,3
west,3
we’d,3
wheel,3
where’s,3
whiff,3
william’s,3
willows,3
winds,3
windy,3
wiped,3
wise,3
wisps,3
won,3
woollen,3
workman,3
worrying,3
wound,3
wriggled,3
wringing,3
wrist,3
yacht,3
yard,3
yawn,3
yelled,3
yip,3
zoom,3
ænone,3
1920,2
1922,2
_all,2
_am_,2
_and,2
_and_,2
_chan_,2
_comme,2
_congratulate,2
_enfin_,2
_fleetly,2
_genius_,2
_god,2
_i,2
_is_,2
_isn’t_,2
_ja,2
_know_,2
_left,2
_like_,2
_me_,2
_mia,2
_mind_,2
_mon,2
_not_,2
_she_,2
_sommier_,2
_that_,2
_the,2
_they_,2
_voilà,2
_vous,2
_wrong,2
_yeep,2
_you_,2
absent,2
academy,2
accent,2
accompaniment,2
account,2
ach,2
ad,2
ada,2
admire,2
admired,2
admiring,2
adorable,2
adore,2
adored,2
adrian’s,2
advanced,2
advances,2
advantage,2
advertisement,2
advice,2
africa,2
african,2
agitated,2
agonies,2
agonizing,2
agrees,2
airily,2
alighted,2
alls,2
almighty,2
almonds,2
amazed,2
amazingly,2
amber,2
amused,2
animal,2
animation,2
answers,2
ant,2
anxious,2
appallingly,2
apples,2
appointment,2
approval,2
apricot,2
aprons,2
arabian,2
arches,2
army,2
arrangement,2
arrival,2
arriving,2
arsking,2
artificial,2
ashes,2
assembled,2
assistants,2
assure,2
astounded,2
atom,2
attar,2
attended,2
baaa,2
bachelor,2
background,2
backwards,2
badly,2
bald,2
balls,2
banked,2
bar,2
barefoot,2
bars,2
basted,2
batch,2
bathers,2
battle,2
beak,2
beastly,2
beats,2
becalmed,2
bedclothes,2
beedle,2
beethoven,2
behave,2
behaved,2
bellow,2
beneath,2
berry,2
blast,2
blaze,2
blazing,2
bleached,2
bless,2
blinked,2
blissfully,2
block,2
blouses,2
bluish,2
bluster,2
boarding,2
boast,2
boasting,2
boatman’s,2
bobbing,2
bodices,2
bogey’s,2
bolster,2
borders,2
borne,2
bough,2
boulevard,2
bounced,2
bounded,2
bowling,2
bracelet,2
brandy,2
breathlessly,2
briefly,2
brilliantly,2
brill’s,2
brocade,2
brooded,2
bubble,2
built,2
bulging,2
bullen’s,2
bumping,2
bun,2
bundle,2
burglar,2
bury,2
bushy,2
butcher,2
butted,2
buttonhole,2
buying,2
buys,2
buzzed,2
cabins,2
calls,2
calming,2
calmly,2
canna,2
capable,2
career,2
careless,2
cares,2
caring,2
cash,2
casino,2
cave,2
caviare,2
chalk,2
changing,2
character,2
charged,2
charing,2
charmingly,2
chatter,2
chauffeur,2
cheated,2
cheep,2
cheer,2
cheerful,2
cheerfully,2
cheese,2
chemise,2
cherry,2
chesterfield,2
chests,2
chewing,2
chimney,2
chimneys,2
chinaman’s,2
chinny,2
chirrups,2
chops,2
chudren,2
chung,2
cigars,2
civilization,2
claim,2
clapped,2
clatter,2
clattered,2
clattering,2
cleaning,2
cleared,2
clever,2
cleverness,2
click,2
climb,2
cloths,2
clung,2
coachman,2
coast,2
coats,2
cock,2
cockroach,2
collected,2
college,2
comforted,2
comforting,2
comic,2
comma,2
commit,2
compact,2
complete,2
completely,2
composed,2
concentrate,2
concern,2
condition,2
conductor,2
confide,2
confidence,2
confound,2
confused,2
consciously,2
conspirators,2
consumption,2
coo_,2
cook’s,2
coolly,2
copper,2
copying,2
corset,2
cost,2
costume,2
couches,2
cough,2
covering,2
crackling,2
crawling,2
creaking,2
creeper,2
cresses,2
cribbage,2
crinkled,2
crooned,2
crouching,2
crowded,2
crumbs,2
cubicle,2
cubist,2
cured,2
curve,2
curving,2
custard,2
cuts,2
dad,2
daily,2
dancers,2
dangling,2
darkening,2
date,2
day’s,2
dazed,2
deafening,2
decency,2
decidedly,2
decision,2
deeper,2
definite,2
deliberate,2
dentist’s,2
deny,2
denying,2
desert,2
desk,2
despicable,2
detail,2
devoured,2
dieppe,2
dignified,2
dimpled,2
direct,2
directly,2
dirt,2
disappointing,2
discover,2
discovery,2
discuss,2
discussed,2
discussing,2
disgraceful,2
disgusted,2
dismay,2
disposed,2
disturbed,2
dodged,2
dog’s,2
doll’s,2
doodle,2
doors_,2
drawings,2
drear,2
dried,2
drift,2
drinks,2
driven,2
driver’s,2
drove,2
drums,2
drunken,2
ducked,2
ducky,2
duck’s,2
dumb,2
dumped,2
duquette,2
dursery,2
d’album,2
ear_,2
earned,2
ebb,2
eccles,2
egypt,2
egyptian,2
elation,2
embraced,2
emerging,2
emotional,2
em’s,2
enchanted,2
encourage,2
enemy,2
engaged,2
engagement,2
englischer,2
englishwomen,2
enjoyment,2
enlargement,2
enormously,2
enter,2
entered,2
entertained,2
entire,2
envelopes,2
escaped,2
escaping,2
esstrordinary,2
europe,2
everyday,2
evidence,2
evidently,2
evil,2
exaggerated,2
exaggerating,2
excelsior,2
exclaimed,2
expensive,2
experiences,2
explaining,2
express,2
expressed,2
exquisitely,2
extravagantly,2
exultant,2
eyeep,2
fairly,2
faithful,2
faltered,2
fashionable,2
fastenings,2
fate,2
fatigue,2
feature,2
feeble,2
feed,2
feelings,2
feminine,2
fences,2
ferns,2
fervent,2
feuille,2
fevvers,2
fiendish,2
film,2
finest,2
fingering,2
fireplace,2
fished,2
fisherman’s,2
fishy,2
flag,2
flakes,2
flaps,2
flash,2
flashing,2
fleshy,2
flinging,2
flop,2
flopped,2
flowery,2
flown,2
fluke,2
fold,2
fondly,2
foolishly,2
fools,2
force,2
forest,2
forgetting,2
forgiving,2
forlornly,2
fortune,2
forty,2
fought,2
fountains,2
frail,2
frames,2
fray,2
fred,2
freedom’s,2
frightful,2
frills,2
frizzy,2
frocks,2
frog,2
fronts,2
fruits,2
fulton’s,2
funerals,2
furiously,2
gallant,2
gallery,2
games,2
garten,2
gasping,2
gathering,2
gayer,2
genius,2
ges,2
ghastly,2
ghostly,2
gi,2
giggled,2
gingerbread,2
glassed,2
glasshouse,2
glazed,2
glimpses,2
gloomed,2
gloomily,2
glorious,2
glossy,2
gloved,2
golf,2
golliwog,2
gonow,2
goop,2
goos,2
gooseberry,2
gorgeous,2
gowns,2
gracefully,2
grains,2
grandfather’s,2
gravely,2
greedily,2
greedy,2
greyish,2
grinder,2
grinning,2
gripped,2
grudged,2
guard,2
guessed,2
guided,2
gulf,2
gulls,2
gulped,2
gushing,2
hag,2
hags,2
hail,2
hailed,2
hairdresser’s,2
hairy,2
hammer,2
hammond’s,2
handkerchiefs,2
handles,2
hangs,2
harcourt,2
hardened,2
harry’s,2
haste,2
hastily,2
hatred,2
hauing,2
hauling,2
haze,2
heaps,2
hearty,2
heaved,2
heaven’s,2
heel,2
height,2
hen,2
hens,2
heroine,2
hesitation,2
he’ll,2
hillock,2
hint,2
hire,2
hobbled,2
hollowed,2
honey,2
honk,2
hood,2
hooked,2
hoop,2
hopelessly,2
hospital,2
housemaid,2
hover,2
hovers,2
huddled,2
hul,2
hulks,2
hummed,2
humour,2
hundredth,2
hunger,2
husband’s,2
hyacinths,2
icing,2
icy,2
idiots,2
iii,2
il,2
image,2
imaginations,2
impatience,2
imploring,2
imploringly,2
impressive,2
impulsive,2
indefinite,2
infant,2
infinitely,2
inkpot,2
insects,2
insolent,2
insulted,2
intensity,2
intent,2
interfere,2
interrupt,2
interruption,2
intolerable,2
intriguing,2
invisible,2
iv,2
ix,2
james’s,2
jammed,2
janey’s,2
jangled,2
jaunty,2
jaws,2
jerking,2
jet,2
jetty,2
jingling,2
jinnie,2
join,2
joke,2
jones,2
juicy,2
kadgit’s,2
kak,2
karakas,2
ke,2
kig,2
king,2
kings,2
kitching,2
kneels,2
knights,2
knives,2
knob,2
knoo,2
knots,2
laboriously,2
lack,2
lady’s,2
lake,2
lamb,2
lambs,2
lamps,2
lantern,2
larger,2
largest,2
lass,2
laughable,2
laundress,2
lawns,2
leader,2
leans,2
learn,2
learned,2
lengthened,2
level,2
licence,2
lick,2
lifts,2
lighting,2
lizzie,2
loathsome,2
loftily,2
lofty,2
looped,2
loose,2
lorgnette,2
losing,2
lounged,2
lover,2
loves,2
lovey,2
lumps,2
lungs,2
lurch,2
machine,2
mackintosh,2
magnificent,2
mahogany,2
malignant,2
mane,2
manner,2
manners,2
manure,2
mare,2
marian,2
marion’s,2
marked,2
marrying,2
marvel,2
marvellously,2
mashed,2
mask,2
master’s,2
mat,2
matey,2
mattered,2
meaning,2
meeting,2
meg’s,2
melting,2
mercy,2
mignonette,2
milky,2
min,2
mindedly,2
minor,2
miracle,2
missing,2
missus,2
mite,2
mixtures,2
moaned,2
moist,2
mood,2
moth,2
moths,2
mould,2
mountains,2
mourning,2
mouthful,2
movements,2
murder,2
museums,2
mushroom,2
métro,2
naive,2
napkin,2
narrowed,2
native,2
naughty,2
nearest,2
neatly,2
necked,2
neighbourhood,2
nellie,2
nemeral,2
nets,2
newspapers,2
nicer,2
nightdress,2
nights,2
ninnies,2
ninseck,2
noble,2
nobody’s,2
noiselessly,2
nostrils,2
notebook,2
noted,2
noticing,2
notion,2
novels,2
november,2
nudging,2
nun,2
nursed,2
nutmegs,2
offering,2
oil,2
ospital,2
outhouse,2
outstretched,2
overhead,2
overwhelmed,2
ox,2
o’erladen,2
paced,2
pack,2
packed,2
packets,2
packing,2
padded,2
paddy,2
pageant,2
paired,2
palaces,2
paled,2
palest,2
paling,2
panama,2
panted,2
paraded,2
paragraph,2
parasols,2
parent,2
park,2
particle,2
pastries,2
pattered,2
pattering,2
patterns,2
pawa,2
paying,2
peace,2
peacock’s,2
peak,2
peal,2
pears,2
peasant,2
peeping,2
peering,2
pekes,2
pencil,2
penreddy,2
people’s,2
perfumed,2
persisted,2
pet,2
pets,2
petunias,2
pew,2
photers,2
photo,2
physical,2
picotees,2
piercing,2
piles,2
pinch,2
pinkish,2
pinning,2
pinny,2
planned,2
player,2
plume,2
plunged,2
poached,2
poets,2
poisoned,2
poke,2
poking,2
policeman,2
pond,2
pooh,2
pop,2
poplar,2
poppies,2
poppy,2
pops,2
porous,2
pose,2
postpone,2
potato,2
pound,2
pour,2
pours,2
pouted,2
poverty,2
power,2
practise,2
praised,2
praying,2
precise,2
preen,2
preening,2
prefers,2
prelude,2
preparation,2
preparations,2
prettily,2
prevent,2
pricked,2
prided,2
primus,2
print,2
prison,2
prize,2
prizes,2
probability,2
procession,2
proctor’s,2
produced,2
profound,2
programmes,2
properly,2
proportion,2
propped,2
protested,2
protruded,2
psychological,2
published,2
puddles,2
pulls,2
punishment,2
purely,2
purr,2
pyjamas,2
pyramids,2
quaint,2
queen,2
queerly,2
questioning,2
quicker,2
rabbit,2
racing,2
raddick’s,2
radiance,2
radiantly,2
rag,2
railings,2
raising,2
reality,2
reappeared,2
receiver,2
reeled,2
reflected,2
regular,2
relations,2
relieved,2
reluctant,2
remembering,2
remembrance,2
remote,2
replies,2
reproached,2
require,2
reserved,2
resist,2
resolute,2
restaurants,2
return,2
returned,2
revelations,2
review,2
rhodesia,2
ribs,2
rice,2
riding,2
rights,2
rim,2
rimmed,2
rims,2
ripe,2
ripping,2
ripple,2
risen,2
rises,2
rissoles,2
roads,2
roared,2
robber,2
rocky,2
rode,2
rogue,2
romantic,2
rooted,2
rosy,2
rowing,2
royal,2
rubber,2
rubbing,2
ruddy,2
ruffling,2
rushes,2
rustle,2
rustled,2
rusty,2
sadness,2
safer,2
sail,2
sailing,2
sailors,2
sails,2
saloon,2
sardine,2
saturdays,2
saucers,2
sauntered,2
sausages,2
saved,2
saving,2
scatter,2
scoffed,2
scolding,2
scored,2
scornfully,2
scrambling,2
scratching,2
scrawled,2
screw,2
screwing,2
seaside,2
season,2
secretly,2
seeds,2
seeking,2
selfish,2
series,2
seriousness,2
served,2
serving,2
settling,2
severely,2
shading,2
shame,2
shattered,2
shawls,2
shelter,2
shepherded,2
shine,2
shiny,2
ship’s,2
shirts,2
shooting,2
shopman,2
shortness,2
shouldered,2
shouts,2
shown,2
shrieking,2
shrill,2
shrug,2
shrugged,2
shuffled,2
shuffling,2
shuts,2
shyly,2
sideboard,2
sideways,2
significant,2
signifies,2
signs,2
simplest,2
sincerely,2
singer,2
sink,2
sips,2
sisters,2
sister’s,2
situation,2
sixteen,2
skip,2
slamming,2
slaved,2
slept,2
slide,2
slightly,2
slippery,2
slower,2
slumbered,2
slyly,2
smiles,2
smoker,2
smudgy,2
snake,2
snatching,2
sneezed,2
snuffling,2
soaking,2
soapy,2
sofort,2
solitary,2
songs,2
soot,2
sopping,2
sordid,2
sounding,2
sour,2
sous,2
space,2
spain,2
sparkling,2
sparks,2
speared,2
specially,2
spell,2
spending,2
spider’s,2
spiked,2
spill,2
spilling,2
spinach,2
spiteful,2
spitefully,2
splendour,2
splish,2
splosh,2
spoiled,2
spoken,2
spout,2
sprays,2
sprigged,2
sprinkle,2
squashed,2
squat,2
squatting,2
squeeze,2
staggerer,2
staggering,2
staircase,2
stalk,2
starting,2
starts,2
starving,2
stationmaster,2
statue,2
staves,2
stays,2
stealthily,2
steamed,2
steered,2
stems,2
sticks,2
stiffly,2
stinging,2
stir,2
stockings,2
stodgy,2
stolen,2
stony,2
storeman’s,2
straggling,2
strangest,2
strayed,2
streams,2
stretch,2
strewn,2
stride,2
striding,2
struggle,2
strung,2
stuffing,2
style,2
suave,2
submissive,2
suck,2
sucked,2
suicide,2
sunbonnet,2
sunk,2
sunset,2
sunshine,2
sun’s,2
superb,2
surrender,2
suède,2
swainson,2
swallowed,2
swamp,2
swarmed,2
swear,2
swearing,2
sweat,2
sweaty,2
sweetish,2
swooping,2
system,2
tablecloth,2
tabs,2
tactless,2
tallest,2
tangerines,2
tangle,2
tangled,2
tank,2
tape,2
tasmanian,2
tasting,2
teaching,2
teacup,2
tease,2
teased,2
teasingly,2
telegraph,2
temperament,2
tenant,2
tendency,2
thankful,2
that’ll,2
theatres,2
theb,2
there’d,2
thinned,2
thoughtfully,2
threaded,2
threatening,2
throwing,2
thumping,2
thy,2
ticket,2
tickler,2
ticklers,2
tiddle,2
tightly,2
ting,2
tingling,2
tipping,2
titania,2
tiwnkled,2
tle,2
tobacco,2
toi,2
tones,2
tonic,2
tool,2
toothache,2
tortoise,2
tortoiseshell,2
torture,2
totally,2
towered,2
traced,2
trail,2
trains,2
tramping,2
travel,2
trays,2
tread,2
treading,2
trifle,2
triumphantly,2
trouser,2
trouts,2
tub,2
tucks,2
tuft,2
tuning,2
tunnel,2
turf,2
turkey,2
tussock,2
tut,2
twins,2
twirling,2
twisting,2
twists,2
twopence,2
typical,2
typist,2
ultimate,2
umbrellas_,2
uncanny,2
unclasped,2
unconscious,2
undignified,2
undo,2
undone,2
unfair,2
unfortunate,2
uniform,2
unlocking,2
unpaid,2
unreasonable,2
upper,2
uppers,2
upside,2
useless,2
vacant,2
vagueness,2
valleys,2
valuable,2
varnished,2
veined,2
velvety,2
venetian,2
vent,2
ventured,2
vera,2
vestibule,2
vi,2
vieux,2
vii,2
viii,2
villas,2
vines,2
violent,2
violently,2
violin,2
voi,2
wad,2
waddled,2
wads,2
waggled,2
wagon,2
wags,2
wail,2
waistcoat,2
waistcoats,2
waiters,2
waked,2
wakes,2
waking,2
wally,2
waltz,2
wan,2
war,2
warmed,2
warmly,2
warning,2
washhand,2
watches,2
watchful,2
watering,2
waxen,2
waxy,2
wearily,2
wedded,2
weedy,2
weep,2
weeping,2
weird,2
welcomed,2
what’ll,2
wheeling,2
whirl,2
whisk,2
whispers,2
whiteness,2
whiter,2
who’s,2
wicker,2
widened,2
wildly,2
wilkowska,2
win,2
winced,2
winking,2
wonderingly,2
worth,2
wraps,2
wreathed,2
wrenched,2
wrinkled,2
writers,2
xi,2
xii,2
yawned,2
year’s,2
yeep,2
yellowish,2
yielded,2
yields,2
youthful,2
zia,2
10,1
101,1
11,1
12,1
14,1
154,1
169,1
187,1
190,1
1923,1
1924,1
1925,1
201,1
202,1
210,1
215,1
258,1
27,1
28,1
500,1
600,1
_a,1
_ah,1
_all_,1
_allez,1
_allie,1
_alone_,1
_another_,1
_arcted_,1
_attractive_,1
_away_,1
_be,1
_bee_,1
_bizarre_,1
_bon,1
_bound_,1
_buried_,1
_but,1
_ce,1
_certainly_,1
_chapeau,1
_cocher,1
_comic,1
_con_,1
_coo,1
_courage_,1
_crouching_,1
_croupiers_,1
_cure,1
_cut_,1
_c’est,1
_danke,1
_darling,1
_deeply_,1
_did_,1
_didn’t_,1
_do,1
_don’t,1
_dre,1
_dreadfully_,1
_dream,1
_drear_,1
_driving_,1
_each_,1
_eau,1
_eleven,1
_entendu_,1
_expect_,1
_extra,1
_fade,1
_faster_,1
_fiancé_,1
_fil_,1
_flattened_,1
_for_,1
_forte_,1
_from,1
_funny_,1
_furious_,1
_garçon’s_,1
_geste,1
_gewiss_,1
_girl_,1
_go,1
_heart_,1
_here_,1
_his_,1
_hochwohlgebildete,1
_hours,1
_idea_,1
_in_,1
_incredibly_,1
_indeed_,1
_jean_,1
_jug_,1
_king_dom,1
_last_,1
_le,1
_liquid_,1
_lit,1
_liée_,1
_love,1
_madam_,1
_making,1
_me,1
_medium,1
_meringues,1
_mes,1
_more_,1
_most_,1
_music’s,1
_my_,1
_na,1
_nein,1
_never_,1
_new_,1
_nicht,1
_no_,1
_notre,1
_one_,1
_only_,1
_open_,1
_oui,1
_paid,1
_passons,1
_pay_,1
_perishall_,1
_personal,1
_played_,1
_please_,1
_pom,1
_price_,1
_published_,1
_qua_,1
_quite_,1
_really_,1
_rich_,1
_salle,1
_salon,1
_saturday,1
_scream_,1
_see_,1
_sharp_ness,1
_show_,1
_sie,1
_sommier,1
_soon,1
_soufflée,1
_stay_,1
_stop,1
_su_,1
_sweet_,1
_table,1
_tatler_,1
_tee_,1
_that,1
_them_,1
_there_,1
_think_,1
_timeless_,1
_times_,1
_too_,1
_treat,1
_trrrès,1
_tui_,1
_two,1
_tête,1
_un,1
_utter_,1
_violated_,1
_voiture_,1
_wa_,1
_want_,1
_wedded_,1
_were_,1
_whare_,1
_what_,1
_whole_,1
_wide,1
_wie,1
_winter,1
_with,1
_wonder_,1
_would_,1
_yet_,1
_your_,1
_you’re_,1
_à,1
aah,1
abominable,1
abominably,1
abreast,1
abruptly,1
absurdity,1
absurdly,1
abused,1
accents,1
acceptance,1
accepting,1
accompanied,1
accompaniments,1
accompany,1
accord,1
accounts,1
acknowledge,1
acorn,1
acquaintances,1
acted,1
action,1
acute,1
address,1
addressed,1
adenoids,1
admiral,1
admiration,1
admit,1
adoring,1
adventure,1
adventures,1
advertising,1
advise,1
aeroplane,1
afterdoon,1
aged,1
ageless,1
agreeing,1
airing,1
airs,1
ajar,1
al,1
alarm,1
alarmed,1
alas,1
alcove,1
alick,1
alike,1
allegretto,1
alley,1
allowing,1
aloes,1
alpaca,1
alpha,1
als,1
altar,1
alter,1
altered,1
amaze,1
amazing,1
ambition,1
ambles,1
amethyst,1
ami,1
amiably,1
amis_,1
ample,1
amuse,1
amusement,1
analyse,1
analysed,1
analyst’s,1
anemones,1
angel,1
angels,1
anging,1
angles,1
anglo,1
animated,1
ankles,1
anmile,1
annie,1
announced,1
annoy,1
annoyed,1
annoying,1
anoint,1
another’s,1
anthology,1
anticipate,1
antique,1
antonio’s,1
ants,1
anybody’s,1
anyone’s,1
anæmia,1
apartment,1
apologetic,1
apologise,1
apparent,1
appealed,1
appealingly,1
appearances,1
applaud,1
applauded,1
applause,1
apple,1
appreciated,1
appreciating,1
appreciative,1
approached,1
approve,1
approved,1
apricots,1
apt,1
arc,1
archangels,1
archive,1
ardent,1
argued,1
aristocratic,1
ark,1
armed,1
armenian,1
armful,1
armfuls,1
armpits,1
arnold,1
arpeggios,1
arrival’s,1
arrives,1
arrêtez,1
arsk,1
artful,1
artists,1
arts,1
arums,1
asphalt,1
ass,1
assemble,1
assumed,1
assurance,1
asthma,1
ated,1
atrocious,1
attack,1
attacked,1
attempts,1
attend,1
attending,1
attentive,1
au,1
auctioneer,1
audience,1
aun,1
aunties,1
aunts,1
author,1
automatic,1
avanti,1
aven’t,1
average,1
avez,1
aviate,1
avoid,1
avon,1
aw,1
awaiting,1
awaits,1
awakened,1
aweary,1
baaing,1
baby’s,1
bachelor’s,1
backbone,1
backwash,1
bag’s,1
bah,1
bait,1
baked,1
balanced,1
balancing,1
bales,1
ballet,1
balloon,1
bamboo,1
bananas,1
bandmaster,1
bands,1
bandsmen,1
band’s,1
bangle,1
bangs,1
banjo,1
bankrupt,1
banner,1
barbarian,1
bareheaded,1
barely,1
bargain,1
barges,1
barging,1
baring,1
barked,1
barking,1
barouche,1
barracouta,1
barred,1
barrier,1
barrow,1
basement,1
basking,1
bats,1
battleship,1
beaded,1
beaks,1
beaming,1
bearing,1
bears,1
beater,1
beaty,1
beau,1
beauties,1
bedpost,1
bedrooms,1
bedside,1
bedstead,1
beedles,1
bee’s,1
behaving,1
behinds,1
beit,1
belief,1
believers,1
belong,1
belongs,1
benefit,1
ber,1
berth,1
bestens_,1
bet,1
bettingford,1
bewildering,1
bhoys,1
bibs,1
bicycles,1
bien,1
bilks,1
bin,1
binding,1
bird’s,1
bischief,1
bitch,1
bites,1
bithems,1
bittah,1
bitterly,1
blackberries,1
blackberry,1
blacked,1
blade,1
blades,1
blame,1
blaming,1
blankets,1
blared,1
blay,1
bleat,1
bleeding,1
blessed,1
blinded,1
blindness,1
blissful,1
blobs,1
blocked,1
bloody,1
bloomsbury,1
blossom,1
blossoming,1
blossoms,1
blot,1
blown,1
bluchers,1
blueish,1
blundering,1
blunted,1
blurred,1
blurt,1
blush,1
blyth,1
boarders,1
boards,1
boastful,1
boatmen,1
bobbles,1
bodega,1
boils,1
boldly,1
bolsters,1
boncer,1
bond,1
bonnets,1
bony,1
book_,1
bookcase,1
boom,1
boomed,1
booming,1
booths,1
bordah,1
bordered,1
borrow,1
boses,1
bosoms,1
bosun,1
botheration,1
bottils,1
boundlessly,1
bouquets,1
bowls,1
boy’s,1
braces,1
bracket,1
brackets,1
brahn,1
brake,1
brakechain,1
branches,1
brand,1
bravely,1
breakfasts,1
breakwater,1
breasted,1
breathes,1
breeches,1
breezily,1
brendon,1
briar,1
bricks,1
bridegroom,1
bridesmaids,1
bridles,1
brigand,1
brighten,1
brighter,1
brightest,1
brighton,1
brilliantine,1
brimmed,1
brims,1
brings,1
briskly,1
britain,1
brittweiler’s,1
broadened,1
broader,1
brogramme,1
bronze,1
brood,1
broom,1
brooms,1
brownish,1
brows,1
bruise,1
brussels,1
bss,1
bu,1
buck,1
bucked,1
buckle,1
budding,1
build,1
bulged,1
bulk,1
bulldog,1
bullied,1
bump,1
bumpy,1
bunches,1
bundles,1
buns,1
burly,1
burn,1
burns,1
busiest,1
busks,1
bustled,1
bustn’t,1
buszard’s,1
butcher’s,1
buttered,1
butting,1
buttoning,1
buzz,1
byes,1
bypath,1
b’s,1
cabarets,1
cackle,1
cackling,1
cactus,1
cafés,1
cages,1
cake’s,1
calculating,1
calculation,1
calculations,1
caller,1
callous,1
camel,1
camellia,1
camellias,1
camisole,1
camp,1
canary,1
candles,1
candlestick,1
canningbals,1
cannon,1
canoe,1
caper,1
capital,1
carbolic,1
card’s,1
carelessness,1
caressing,1
caricature,1
carnation,1
carpenters,1
carries,1
carted,1
carter,1
carve,1
cashmere,1
casinos,1
cast,1
casting,1
castors,1
catches,1
cattle,1
cat’s,1
cauliflower,1
cease,1
ceased,1
ceilings,1
celebrate,1
celestial,1
cellar,1
cellars,1
centimes,1
certingty,1
chaff,1
chaffed,1
chalice,1
chambermaid,1
chambers,1
chanting,1
chaperones,1
chapter,1
charcoal,1
charge,1
charlotte’s,1
charm,1
charmer,1
charred,1
charwoman,1
chased,1
cheat,1
checked,1
cheered,1
cher,1
cherub,1
chestnut,1
chewed,1
chickens,1
childishly,1
chile,1
chili,1
chilled,1
chiming,1
chimley,1
chinamen,1
chinee,1
chinks,1
chinny’s,1
chins,1
chip,1
chips,1
chirped,1
chivvied,1
choir,1
choked,1
choking,1
chopped,1
chord,1
chords,1
chrysanthemums,1
chrysanths,1
chucking,1
chuckle,1
chuckled,1
chuckling,1
chunk,1
churr,1
chère,1
cinders,1
circles,1
circulating,1
cities,1
city,1
claims,1
clammy,1
clamour,1
clanged,1
clangs,1
clanked,1
clanking,1
clapping,1
claret,1
clashed,1
classes,1
classical,1
clay,1
clayey,1
clematis,1
clenched,1
clenching,1
clergymen,1
clerk,1
clerks,1
client,1
clientele,1
client’s,1
cliff,1
cliffs,1
climate,1
climates,1
clinging,1
clip,1
clipped,1
clockwork,1
closely,1
clotheslines,1
clown,1
clubs,1
clucked,1
clump,1
clumsily,1
clutch,1
clutching,1
coachmen,1
coals,1
coated,1
coatee,1
cobbler,1
cobbles,1
cobweb,1
cobwebs,1
cocher,1
coffin,1
coiled,1
coils,1
coin,1
coldness,1
collection,1
collector,1
collects,1
cologne,1
colon,1
combination,1
combined,1
comedy,1
comer,1
comin,1
commanded,1
committed,1
companion,1
compared,1
comparing,1
competitions,1
complacently,1
complain,1
complication,1
composing,1
composition,1
composure,1
conceit,1
concentrated,1
concerned,1
concierge’s,1
conclusion,1
concocted,1
concoction,1
concrete,1
conducting,1
conductor’s,1
confessed,1
confession,1
confided,1
confidences,1
confident,1
confidential,1
confidentially,1
confinement,1
confirmed,1
confoundedly,1
congenial,1
conjurer,1
conjuror’s,1
connection,1
conquer,1
conqueror,1
conservatory,1
considerable,1
consideration,1
consisted,1
consists,1
consolation,1
conspirator,1
constable,1
constitutional,1
consul,1
contained,1
contamination,1
contemptuously,1
contented,1
contents,1
contract,1
contracts,1
contraltos,1
contrayvance,1
conventions,1
convolvulus,1
cooed,1
cooking,1
cooktown,1
cooler,1
coop,1
cope,1
cord,1
cordial,1
cords,1
corkscrew,1
corn,1
corporation,1
correspondence,1
corrugated,1
corsica,1
costing,1
costs,1
costumes,1
cotta,1
coughing,1
coughs,1
couldn’t_,1
counted,1
counterpane,1
courtesy,1
courtyard,1
cove,1
covent,1
covers,1
cow,1
cows,1
crab,1
cracked,1
cracks,1
cradle,1
craned,1
cranes,1
cranky,1
crape,1
crashed,1
crates,1
craving,1
crawl,1
creaks,1
creams,1
creased,1
create,1
creates,1
creditors,1
creeks,1
creep,1
creeps,1
creepy,1
crescendo,1
cress,1
crew,1
crib,1
crime,1
criminal,1
crimsoned,1
crinkly,1
cripple,1
crippled,1
crisis,1
crisp,1
criss,1
critical,1
critics,1
croaked,1
crochet,1
crocheted,1
crocks,1
cropped,1
cropper,1
crossing,1
crossly,1
crotchets,1
crow,1
crowding,1
crowds,1
crowning,1
crowns,1
crucified,1
crumbling,1
crunch,1
crush,1
crutch,1
cubby,1
cuddle,1
cunning,1
cupboards,1
cupid,1
cupped,1
curd,1
curiosity,1
curiously,1
curly,1
currant,1
currants,1
custom,1
customer,1
customs,1
cynical,1
cyril’s,1
c’est,1
dabbed,1
dabbing,1
dabbling,1
dagger,1
dame_,1
dames,1
damn,1
damnation,1
dancer,1
dances,1
dandelion,1
dangled,1
danke,1
dar,1
daring,1
darkened,1
darker,1
darn,1
dart,1
darting,1
daughters,1
davenport,1
deadened,1
deadly,1
deaf,1
deafened,1
dealing,1
dearie,1
dear’s,1
decides,1
deciding,1
decks,1
declare,1
declared,1
decoction,1
decorate,1
decorated,1
decoration,1
decorative,1
deeck,1
deed,1
deepened,1
deepest,1
defiance,1
defiant,1
defiantly,1
defined,1
defying,1
delicately,1
delightedly,1
delightfully,1
delivered,1
demanded,1
dent,1
departure,1
depended,1
dependent,1
depends,1
depth,1
depths,1
descended,1
describing,1
desired,1
desirez,1
desks,1
despairingly,1
desperation,1
despised,1
destroyed,1
detached,1
details,1
determination,1
detestable,1
detested,1
deuce,1
deux,1
diamonds,1
diately,1
dice,1
dickens,1
didst,1
dies,1
dig,1
digest,1
digression,1
dilapidated,1
dilated,1
dimmest,1
dined,1
dingy,1
dinkum,1
dip,1
dipping,1
directed,1
director,1
disappear,1
disappoint,1
disappointment,1
disapproved,1
disclosed,1
discovering,1
discovers,1
discreet,1
disdainful,1
disease,1
disentangling,1
dislike,1
disliked,1
disloyal,1
dismal,1
dismissed,1
disorderly,1
displaced,1
display,1
dissolving,1
distant,1
distinctions,1
distinctly,1
distinguish,1
distinguished,1
distraught,1
distress,1
distressed,1
disturbing,1
dis’eartening,1
divided,1
diving,1
divorce,1
dizzy,1
doddery,1
dodge,1
doleful,1
domestic,1
doorhandle,1
doormat,1
doorstep,1
doorsteps,1
doorways,1
dose,1
dosing,1
doted,1
doth,1
dotted,1
doubly,1
doubted,1
doughy,1
doyleys,1
dozed,1
dozens,1
dozing,1
dozzing,1
drains,1
drama,1
dramatic,1
dramatically,1
draped,1
draper’s,1
draught,1
drawl,1
drawling,1
draws,1
dread,1
dreaminess,1
drear_,1
dregs,1
dresser’s,1
dressmaker,1
driftwood,1
drinkers,1
dripped,1
drivers,1
drives,1
droppings,1
dropsy,1
drowning,1
drowsing,1
drowsy,1
drugged,1
drum,1
drunkards,1
dryly,1
dubious,1
ducklings,1
due,1
dug,1
dulcet,1
dullish,1
dumbbells,1
dumping,1
dunes,1
dustbin,1
duty,1
dwellings,1
dyed,1
dying,1
d’hôte_,1
earners,1
earrings,1
earthly,1
eastbourne,1
easter,1
eau,1
ebony,1
echo,1
ecstatically,1
eddication,1
eddie’s,1
edition,1
editor,1
education,1
eggshell,1
egg’s,1
egoists,1
eighths,1
ein,1
eine,1
elastic,1
elastic’s,1
elbowing,1
elevator,1
eliza,1
elsa,1
embarrassment,1
embrace,1
embracing,1
emerald,1
emigrated,1
emily,1
emotion,1
en,1
encouragement,1
energetic,1
enfant_,1
englishwoman,1
engrossed,1
enigmatically,1
enlargemint,1
entering,1
entertain,1
entrances,1
entreat,1
enveloped,1
envy,1
ere,1
es,1
escargot_,1
establishing,1
eternal,1
eucalyptus,1
eveding,1
event,1
events,1
eventually,1
everything’s,1
evoke,1
examples,1
exasperate,1
exceed,1
exceptional,1
exchange,1
excite,1
excursion,1
excusable,1
excuses,1
exhaustive,1
exhibition,1
existence,1
existent,1
expanding,1
expanse,1
expectation,1
expects,1
expense,1
exploding,1
explorers,1
exposed,1
extent,1
external,1
exulting,1
eyebrow,1
eyeglass,1
eyelashes,1
eyelid,1
eyesore,1
face’s,1
fad,1
failed,1
failures,1
falls,1
fame,1
fancied,1
fanned,1
fans,1
fare,1
farewell,1
farmers,1
fascinated,1
fascinator,1
fashions,1
fast_,1
fasten,1
fastidious,1
fated,1
fathers,1
fatter,1
fattie,1
fattish,1
faut,1
faut_,1
favour,1
fear,1
feast,1
fed,1
feeds,1
feeler,1
fellows,1
female,1
females,1
fennel,1
fern,1
ferny,1
fervently,1
fiddler’s,1
fiddling,1
fidgeted,1
fidgets,1
fiend,1
fierce,1
fiftieth,1
fijian,1
filed,1
files,1
fillet,1
finger’s,1
fins,1
fires,1
fishmonger’s,1
fist,1
fists,1
fit,1
fitted,1
fitting,1
fix,1
fizzled,1
flagstaff,1
flamed,1
flames,1
flaming,1
flap,1
flapped,1
flared,1
flashes,1
flats,1
flattening,1
flattered,1
flatulence,1
fleas,1
fleck,1
flecked,1
fled,1
fleets,1
flexible,1
flickering,1
flippant,1
flipped,1
flitting,1
floats,1
flocks,1
flood,1
floor’s,1
flopping,1
florence,1
florist,1
florist’s,1
flouncing,1
flourish,1
flowered,1
flowering,1
flutey,1
fluting,1
fly_,1
fogs,1
folding,1
folly,1
foods,1
fooled,1
footed,1
footpaths,1
forced,1
forces,1
forcibly,1
fore,1
forefinger,1
foreigners,1
forgave,1
forgiven,1
forked,1
forsaken,1
fortnight,1
foul,1
foulard,1
fraction,1
fragile,1
framed,1
france,1
francs,1
franzosisch_,1
frayed,1
freaks,1
freckle,1
freedom,1
freezing,1
frenchman,1
frenzied,1
freshening,1
freshness,1
friendliness,1
friend’s,1
frieze,1
frighteningly,1
frigid,1
frilled,1
frilly,1
fringes,1
frogs,1
frosted,1
frothed,1
frothing,1
frothy,1
frown,1
froze,1
frozen,1
frump,1
fry,1
frying,1
fu,1
fuchsias,1
fuller,1
fullest,1
fumed,1
funnier,1
funnily,1
fussily,1
ga,1
gaiety,1
gained,1
galleries,1
galley,1
gallop,1
gambler,1
gang,1
gaping,1
gardener,1
gardener’s,1
gare,1
gatepost,1
gateway,1
gather,1
gaudy,1
gaunt,1
gayly,1
gayme,1
gehen,1
gelatine,1
general’s,1
generation,1
generous,1
genesis,1
genially,1
gentleman’s,1
gentlemen’s,1
gesticulating,1
ghost,1
ghoulish,1
giddy,1
gifted,1
gigantic,1
giggle,1
giggles,1
gimcrack,1
gin,1
gipsy,1
girt,1
gladys,1
glancing,1
gleams,1
gleeful,1
glimmering,1
glint,1
glistening,1
gloat,1
glory,1
gloss,1
glued,1
gobble,1
godmother,1
goggled,1
goin,1
goldfinch,1
goldfinches,1
goldy,1
gole,1
golliwogs,1
governess’s,1
governor,1
governor’s,1
grab,1
granddaughter’s,1
grandpapa,1
granny,1
granted,1
granting,1
grape,1
grasping,1
grasses,1
grateful,1
gratefully,1
gratitude,1
graveyard,1
gravity,1
grecian,1
greediest,1
greengage,1
greenhouse,1
greeted,1
grief,1
grievance,1
grimaced,1
grimacing,1
grimly,1
grins,1
grip,1
grit,1
gritty,1
grocer’s,1
grottoes,1
grounds,1
grubby,1
guarded,1
guarding,1
guess,1
guide,1
guiding,1
guinea,1
gull,1
gulp,1
gummed,1
gun,1
gush,1
gushed,1
guy,1
guzzling,1
hailing,1
hairbrush,1
hairdresser,1
hairs,1
hak,1
halting,1
hammers,1
hammock,1
hampstead,1
handfuls,1
handle’s,1
handling,1
handmade,1
handwriting,1
hand’s,1
hanky,1
hansome,1
hans’s,1
happiest,1
happily,1
harder,1
harm,1
harmless,1
harmon,1
harmons,1
harold’s,1
harsh,1
hast,1
hates,1
hatter’s,1
hat’s,1
haughtily,1
haunches,1
haunting,1
hawk,1
hawke,1
hawking,1
hay,1
headache,1
headless,1
headmaster’s,1
healthy,1
heaped,1
hearse,1
hearted,1
hearthrug,1
heartily,1
heartlessness,1
heating,1
heave,1
heeling,1
heirs,1
helmet,1
helpless,1
helps,1
help’s,1
hem,1
hems,1
henry,1
herbaceous,1
herds,1
hero,1
herr,1
hiccup,1
highly,1
hilda,1
hinting,1
hips,1
hired,1
hissed,1
hissing,1
hit,1
hoard,1
hobbling,1
hobby,1
holidays,1
hollows,1
holly,1
hollyhocks,1
holy,1
homesick,1
homeward,1
honoured,1
hoo,1
hooking,1
hoops,1
hooted,1
hooves,1
hopeful,1
hopelessness,1
hoppers,1
hops,1
horrified,1
horrors,1
horseshoe,1
horse’s,1
hospitals,1
host,1
hostess,1
household,1
housekeeper,1
housekeeping,1
hovering,1
howling,1
hoy,1
huh,1
humble,1
humbly,1
humiliate,1
humility,1
humming,1
hunched,1
hungrily,1
hunters,1
hunting,1
hurriedly,1
hurting,1
hush,1
husks,1
hut,1
hydrangeas,1
hymn,1
iceberg,1
icily,1
idiotically,1
idle,1
idly,1
idolized,1
ignorant,1
ignore,1
ilex,1
illness,1
illustrated,1
illustration,1
images,1
imagination,1
imaginatively,1
imitated,1
immemorial,1
impatiently,1
impertinence,1
impertinent,1
impish,1
implore,1
implored,1
importance,1
imposing,1
impossibly,1
impress,1
imprisoned,1
imprisonment,1
improved,1
incessantly,1
income,1
incompetent,1
inconvenient,1
increasing,1
incredulous,1
indecent,1
indecision,1
indefinitely,1
india,1
indians,1
indiarubber,1
indifference,1
indigo,1
indolence,1
indolent,1
induced,1
indulge,1
inevitable,1
inexperienced,1
inexplicable,1
infallibly,1
infancy,1
infection,1
infectious,1
infernal,1
infirmary,1
informal,1
infuriated,1
ingrained,1
inhabitant,1
inkpots,1
inkstand,1
innocents,1
insatiable,1
inscription,1
insensitive,1
insignificant,1
insist,1
insisting,1
inspiration,1
inspirations,1
instantly,1
instants,1
instrument,1
insupportable,1
intelligent,1
intends,1
intense,1
intentional,1
intentions,1
internet,1
interrupting,1
intimate,1
intoned,1
intoning,1
intoxicating,1
invariably,1
invitation,1
invite,1
ip,1
ireland,1
irish,1
irritated,1
isabel_,1
issuing,1
ist,1
italian,1
it’ll,1
ivory,1
jack,1
jackets,1
jacob,1
jaeger,1
jail,1
jangle,1
jardins,1
jealous,1
jean’ll,1
jean’s,1
jeered,1
jeering,1
jehovah,1
jellies,1
jerseys,1
jesus,1
jets,1
jewel,1
jewellery,1
jews,1
jiffy,1
jig,1
jigging,1
jim,1
jing,1
jingle,1
jingled,1
jobs,1
jogged,1
john’s,1
joins,1
jokes,1
jolt,1
jolted,1
jolting,1
jonathan’s,1
jonquils,1
jostled,1
jotted,1
journalist,1
journey’s,1
joyous,1
judgmint,1
jugs,1
jug’s,1
jumping,1
justly,1
jutted,1
kane’s,1
karaka,1
katherine,1
keepsake,1
kelly,1
kelly’s,1
kening,1
kerosene,1
kest,1
kew,1
keyboard,1
keys,1
khaki,1
kick,1
kicking,1
kicks,1
kidney,1
kids,1
killing,1
kin,1
kindergarten,1
kingdom,1
kingfisher,1
kipling_,1
kit,1
kite,1
kitten’s,1
klop,1
klopped,1
kneeled,1
kneeling,1
knickerbockers,1
knocks,1
knotting,1
knowest,1
knowingly,1
knuckles,1
koo,1
la,1
label,1
labels,1
labour,1
laburnum,1
ladle,1
ladling,1
lagged,1
lain,1
lamplighter,1
landlady’s,1
lands,1
lanes,1
lank,1
lanky,1
lanterns,1
lapel,1
lapels,1
lapping,1
laps,1
larder,1
larking,1
larrikin,1
larst,1
lash,1
lasted,1
lasts,1
latch,1
lather,1
lattice,1
laughs,1
launch,1
laundry,1
laurel,1
laurie’s,1
lavatory,1
laved,1
lawn’s,1
law’s,1
lazare,1
lazily,1
lazy,1
lbs,1
le,1
leads,1
leafy,1
leant,1
ledger,1
lee,1
leered,1
leghorn,1
leicestaire,1
leila’s,1
lemonade,1
lemons,1
lennie’s,1
lent,1
leonard,1
leopard,1
leopards,1
lettering,1
lettuce,1
leven,1
levity,1
liable,1
licked,1
licking,1
lids,1
lied,1
lies,1
life’s,1
lifter,1
lightened,1
lighter,1
lighthouse,1
light’s,1
liking,1
lime,1
limit,1
limited,1
limmonadear,1
lined,1
linger,1
lingeringly,1
lining,1
linnets,1
linny,1
linny’s,1
lino,1
linoleum,1
lion,1
lions,1
liquid,1
listener,1
lists,1
literally,1
littered,1
lively,1
liver,1
livers,1
load,1
loaded,1
loathed,1
loaves,1
lobster,1
loddie,1
logical,1
lohengrin,1
lolling,1
lollop,1
lolloping,1
london’s,1
loofah,1
lots,1
louder,1
loudest,1
lounge,1
lounging,1
louts,1
lovers,1
lozenges,1
lucile,1
lumbago,1
lums,1
luncheon,1
lunches,1
lunge,1
lunged,1
lurched,1
luxury,1
macdowell’s,1
madness,1
magic,1
maiden’s,1
mail,1
main,1
maitland,1
maize,1
mal_,1
malicious,1
malo,1
mammy,1
manageress,1
manager’s,1
managing,1
mandarin,1
maniac,1
manicure,1
mansfield,1
mantel,1
manufacturing,1
manuscript,1
many’s,1
marbled,1
marching,1
mare’s,1
marking,1
marmalayde,1
mary’s,1
massage,1
masts,1
matched,1
matching,1
material,1
mater’s,1
matters,1
mattress,1
maudie,1
mauve,1
maw,1
mayflower,1
mayonnaise,1
ma’am,1
meady,1
meanest,1
measure_,1
medal,1
mediately,1
meetings,1
meets,1
mehr,1
melancholy,1
memories,1
menial,1
mental,1
merci,1
merrily,1
merry,1
mes,1
messy,1
metal,1
metallic,1
michael,1
middleton,1
midst,1
mighty,1
mildly,1
milking,1
million,1
minced,1
mines,1
mine’s,1
mingled,1
minutest,1
miraculous,1
miraculously,1
mirrors,1
mischievously,1
mission,1
mistress’s,1
mistrust,1
misty,1
mixing,1
mixture,1
mock,1
mockery,1
mode,1
moderation,1
moisten,1
moment’s,1
mon,1
mondays,1
mongrel,1
monster,1
monthly,1
moo,1
moods,1
mooe,1
moonbeam,1
moon’s,1
mop,1
mopping,1
mor,1
morning’s,1
morrison’s,1
morsel,1
moses,1
mosquito,1
mosquitoes,1
motherless,1
mothers,1
motioned,1
motions,1
motto,1
mountainous,1
mounting,1
mournfulness,1
moustaches,1
mouths,1
mower,1
mowing,1
mu,1
mud,1
mum,1
mumbled,1
munched,1
muriel,1
murmuring,1
murmurs,1
murry,1
muscle,1
muscles,1
mushrooms,1
mushy,1
musicians,1
music’s,1
muslins,1
mutting,1
mutton,1
mynahs,1
myriads,1
myrtil,1
naively,1
name’s,1
nannie,1
narrower,1
nasturtium,1
nasty,1
nathans,1
nation,1
natives,1
natty,1
naturally,1
naunt,1
nauseous,1
navy,1
nawful,1
neaves,1
necklace,1
necklet,1
necks,1
neckties,1
needles,1
negligently,1
neigh,1
neighbour,1
neighing,1
neil,1
nenamuel,1
nerfs,1
nerve,1
nervously,1
nettle,1
neuritis,1
newfoundland,1
nibble,1
nickel,1
nieces,1
nightlight,1
nightshirt,1
night’s,1
nijinsky,1
nil_,1
nimbly,1
ninety,1
ning,1
ninth,1
nip,1
noah’s,1
noiseless,1
normal,1
noses,1
nosing,1
notches,1
nothingness,1
nougat,1
nourishing,1
novelty,1
nter,1
nude,1
nudge,1
nuisance,1
numbed,1
nuncle,1
nurses,1
nursing,1
obedient,1
obey,1
obeyed,1
obeying,1
objectively,1
objects,1
obliged,1
obvious,1
occurrence,1
odd,1
oddments,1
odious,1
odiously,1
offending,1
offer,1
official,1
offspring,1
ointment,1
olives,1
omelettes,1
on_,1
ool,1
ooo,1
opaque,1
operatic,1
operations,1
opposed,1
oranges,1
orchestra,1
original,1
ornamental,1
ostrich,1
ottoman,1
oultre,1
outdoor,1
outlined,1
outlook,1
outright,1
outwards,1
overarm,1
overcoats,1
overdone,1
overhung,1
overlapping,1
overripe,1
overtook,1
overturned,1
overweights,1
oving,1
ow,1
owe,1
owed,1
owl,1
owned,1
owner,1
pace,1
paces,1
pacify,1
pacifying,1
packages,1
paddington,1
pads,1
pagoda,1
pagodas,1
pahutukawas,1
painfully,1
pains,1
painter,1
painters,1
paintings,1
pal,1
palace,1
pan,1
panel,1
panes,1
panic,1
pans,1
pansy,1
par_don_,1
parading,1
parapet,1
paraphernalia,1
parding,1
pare,1
pared,1
parents,1
paris_,1
parisians,1
parlour,1
parmas,1
parquet,1
parrot’s,1
party’s,1
pastry,1
patchy,1
patent,1
patient,1
patterned,1
pausing,1
peach,1
peaches,1
peaked,1
pealed,1
pealing,1
pearled,1
pearls,1
peas,1
peasants,1
peck,1
pecked,1
peculiarly,1
peeling,1
peels,1
peep,1
peeped,1
pelagoniums,1
pencils,1
pennies,1
pension,1
peppered,1
perch,1
perching,1
perform,1
perior,1
permission,1
persist,1
perspiration,1
petite,1
peu,1
phew,1
phial,1
photographed,1
photographers,1
photos,1
phœnixes,1
picker,1
pickings,1
picks,1
picnic,1
picotee,1
pierced,1
piffle,1
pig,1
piggy,1
pigtails,1
pikestaff,1
pill,1
pillar,1
pillared,1
pillars,1
pillowed,1
pills,1
pinafores,1
pinchers,1
pincushion,1
pineapples,1
pings,1
pining,1
pinkerton_,1
pinnies,1
pints,1
piped,1
pipes,1
pip’s,1
pirates,1
pirouette,1
pistachio,1
pitch,1
pitched,1
pitied,1
pitiful,1
pitifully,1
pits,1
placid,1
placket,1
plaited,1
playfully,1
plead,1
pleasantly,1
pleases,1
pleasures,1
pleated,1
plenty,1
plop,1
pluck,1
plum,1
plumage,1
plumes,1
plunge,1
plunges,1
plunging,1
plymouth,1
pods,1
poetesses,1
poetry,1
poised,1
poison,1
pokers,1
pole,1
policemen,1
politely,1
politeness,1
polka,1
pollen,1
pompadour,1
pon,1
ponies,1
pony,1
poorer,1
poppet,1
porcelain,1
porter’s,1
portfolio,1
portholes,1
portrait,1
portraits,1
possess,1
possession,1
postal,1
posted,1
posting,1
postmen,1
posts,1
pouched,1
poultry,1
pounce,1
pounded,1
powdering,1
practice,1
praises,1
pram,1
pramload,1
prayed,1
prayer,1
precarious,1
preciously,1
precision,1
preened,1
presence,1
presentation,1
presses,1
prevents,1
prey,1
prices,1
prick,1
pricking,1
priests,1
prim,1
primly,1
princess,1
principle,1
prisoner,1
privée_,1
probable,1
proceeded,1
produce,1
producer,1
producing,1
product,1
products,1
professionals,1
professor,1
professor’s,1
profit,1
profoundly,1
promenading,1
prompt,1
prone,1
pronounced,1
proof,1
proprietary,1
proprietorship,1
prostitutes,1
prostrated,1
protective,1
protest,1
proudly,1
proves,1
provide,1
provinces,1
proving,1
provoking,1
prowls,1
prude,1
prunes,1
psycho,1
pub,1
publication,1
publiques,1
pucker,1
puckered,1
pudgy,1
pulse,1
pumped,1
punctual,1
punctually,1
pupil,1
puppets,1
puppy,1
purplish,1
pursuing,1
push,1
pushes,1
pussy,1
pyjama,1
quantities,1
quarantine,1
quarrel,1
quarrelling,1
quaver,1
quavers,1
query,1
quickened,1
quietened,1
quieter,1
quilts,1
ra,1
rabbit’s,1
racecourse,1
races,1
rackets,1
rafts,1
ragged,1
ragtime,1
rained,1
rains,1
rainy,1
raises,1
raisin,1
raked,1
rakishly,1
ralph,1
ralph’s,1
rampant,1
range,1
raoul,1
rapid,1
rapturous,1
rarest,1
rat,1
ravines,1
ravishing,1
rays,1
reaches,1
reaching,1
readiness,1
reads,1
realizing,1
rear,1
reared,1
reasons,1
reassuring,1
rebuke,1
recall,1
received,1
receiving,1
recognise,1
recognition,1
recognize,1
reconsider,1
record,1
recovery,1
reduction,1
reefer,1
reek,1
ref,1
referred,1
referring,1
refined,1
refrigerator,1
regard,1
reggie’s,1
regierungsrat,1
regime,1
regions,1
relation,1
release,1
released,1
relish,1
reluctantly,1
rely,1
remark,1
remarkable,1
remarked,1
remarks,1
remembers,1
remind,1
reminder,1
remotely,1
remoteness,1
remotest,1
rent,1
repentant,1
repenting,1
reproachfully,1
requiring,1
rescued,1
rescuing,1
resignation,1
resigned,1
resources,1
respect,1
respected,1
respectful,1
responds,1
responsible,1
restoring,1
reticule,1
retire,1
retired,1
retorts,1
returns,1
revealed,1
reverently,1
revisit,1
revisiting,1
revived,1
revoir,1
rhubarb,1
ribbing,1
richest,1
richness,1
rides,1
ridge,1
rig,1
rinsed,1
rip,1
ripen,1
ripened,1
rippled,1
risk,1
risked,1
ritual,1
rivers,1
ro,1
roar,1
robins,1
robust,1
rods,1
roller,1
romping,1
roost,1
root,1
rooting,1
rosettes,1
rouge,1
rougher,1
roughing,1
rounds,1
roused,1
rousing,1
rowed,1
rubinstein,1
rudd,1
rudely,1
rudeness,1
ruin,1
ruining,1
rumble,1
rummaging,1
runners,1
rustlings,1
ry,1
sack,1
sacrifices,1
saddles,1
sadie’s,1
sagely,1
sagen,1
saint,1
saints,1
salisbury,1
salmon,1
saltish,1
salty,1
salver,1
sandshoes,1
satchel,1
satisfactorily,1
satisfied,1
satisfy,1
sauce,1
saucepans,1
savages,1
saves,1
scaffolding,1
scalded,1
scale,1
scales,1
scandal,1
scandalized,1
scanned,1
scattering,1
scatters,1
scenes,1
schemes,1
schön,1
scolded,1
scooped,1
scorned,1
scornful,1
scotland,1
scott’s,1
scrambled,1
scrapes,1
scrapped,1
scraps,1
scratched,1
screech,1
screen,1
scribbled,1
scrubbed,1
scrunched,1
scrunching,1
scurry,1
scuttled,1
seal,1
sealing,1
seals,1
search,1
searchlights,1
seasick,1
seats,1
seaweed,1
secured,1
seed,1
seek,1
sehr,1
sell,1
senses,1
sentences,1
sentimentality,1
separated,1
sepulchral,1
serbian,1
serene,1
serial,1
services,1
serviette,1
servile,1
servility,1
ses,1
seventeen,1
sewing,1
shabbier,1
shabbiest,1
shaggy,1
shakespeare,1
shaky,1
shallows,1
shameful,1
shameless,1
shares,1
sharing,1
sharpened,1
shaves,1
sheds,1
sheen,1
sheer,1
sheldon,1
shelves,1
shepherd’s,1
sheridan’s,1
shied,1
shifted,1
ships,1
shocks,1
shooed,1
shoot,1
shopkeepers,1
shopping,1
shortly,1
shovel,1
showers,1
shreds,1
shrewd,1
shrillest,1
shrivelled,1
shrub,1
shuttered,1
shyness,1
siamese,1
siberia,1
sickening,1
sickly,1
sic’s,1
sid,1
sided,1
siesta,1
sighing,1
sighted,1
sights,1
signalling,1
signora,1
silken,1
silks,1
sillies,1
sills,1
silvah,1
silvered,1
simplicity,1
sin,1
sind,1
singlet,1
sinister,1
sinks,1
sipping,1
sixth,1
skeletons,1
skims,1
skinned,1
skipped,1
skirted,1
skirting,1
skyline,1
slang,1
slave,1
slaving,1
sleeper,1
slight,1
slim,1
sling,1
slit,1
sloe,1
sloping,1
slopping,1
slung,1
smart,1
smartly,1
smarty,1
smashing,1
smeared,1
smearing,1
smells,1
smelly,1
smoothed,1
smoothes,1
smothered,1
smudged,1
snail,1
snapping,1
snatches,1
sneak,1
sneaking,1
sneering,1
sniff,1
sniffing,1
snigger,1
sniggering,1
snipped,1
snowballs,1
snowflake,1
snuffed,1
snuffy,1
snugly,1
soak,1
soaked,1
soaping,1
sobered,1
soberly,1
social,1
society,1
softer,1
softness,1
soiled,1
soirées,1
solely,1
soling,1
solitude,1
somersault,1
sons,1
son’s,1
soothingly,1
sorts,1
souffrante,1
souls,1
soundlessly,1
soundly,1
source,1
souse,1
south,1
southerly,1
southern,1
spaces,1
spade,1
spades,1
span,1
spangle,1
spangled,1
spared,1
spars,1
spat,1
speaks,1
spearing,1
speech,1
spick,1
spidery,1
spills,1
spin,1
spirits,1
spiritual,1
spiritually,1
splash,1
splashes,1
splendidly,1
split,1
splitting,1
sponged,1
sprawling,1
spraying,1
spreadiness,1
sprig,1
springy,1
spun,1
spurt,1
spurted,1
spy,1
spying,1
squaare,1
squared,1
squares,1
squatted,1
squeaked,1
squeaking,1
squealed,1
squealing,1
squeezing,1
squiggle,1
squiggles,1
squinting,1
squirrel,1
squiz,1
stabbed,1
stable,1
stables,1
stack,1
stacked,1
staff,1
stagger,1
stain,1
stains,1
stair,1
stairway,1
stalking,1
stall,1
stalls,1
stamina,1
stamp,1
stamps,1
stan,1
standard,1
stank,1
starch,1
stares,1
starfish,1
starlight,1
starlings,1
starry,1
startled,1
starved,1
stately,1
statement,1
statements,1
stave,1
steadying,1
steaming,1
steeper,1
stewing,1
sticky,1
stick’s,1
stiffen,1
stiffened,1
stiffening,1
stiles,1
stitches,1
stock,1
stocked,1
stocking,1
stole,1
stolid,1
stools,1
stoop,1
stooping,1
stoops,1
stopper,1
storeban,1
storey,1
stormy,1
stoutly,1
stowing,1
straightened,1
straightening,1
straightway,1
straining,1
strains,1
straits,1
strangeness,1
strangling,1
strapping,1
streamer,1
strenuous,1
stretches,1
strewed,1
stricken,1
strict,1
stricter,1
strides,1
strike,1
strip,1
stripped,1
strips,1
strokes,1
strolled,1
strolling,1
struggled,1
struggles,1
struggling,1
strutting,1
studded,1
studies,1
studying,1
stuffs,1
stumble,1
stumbled,1
stumbling,1
stumping,1
stung,1
stunning,1
stupidity,1
stupidly,1
stuttered,1
subjectively,1
submitted,1
subscriber,1
subsided,1
subtle,1
successfully,1
succession,1
successive,1
sucks,1
sufficient,1
sugary,1
suggestion,1
suis,1
sullen,1
sulphur,1
summoned,1
sunburnt,1
sunflowers,1
sunny,1
sunshade,1
sunshades,1
sunstroke,1
superbly,1
superficial,1
superficially,1
supervise,1
supple,1
sure_,1
surface,1
surprises,1
surprising,1
surprisingly,1
surrounded,1
surveyed,1
suspect,1
suspected,1
suspicious,1
swallow,1
swansdown,1
swan’s,1
swarm,1
sway,1
swayed,1
swaying,1
swedes,1
sweeper,1
sweeps,1
sweetest,1
swelling,1
swerve,1
swerving,1
swings,1
swish,1
swiss,1
switch,1
switches,1
swoop,1
swore,1
sydney,1
symbol,1
sympathize,1
symptoms,1
tabbies,1
tabby,1
tablets,1
tacks,1
tag,1
talks,1
tam,1
taming,1
tangents,1
tangles,1
tarry,1
tartlet,1
taste,1
tastes,1
taxis,1
taxi’s,1
tayny,1
tchekof,1
teach,1
teachers,1
teacloth,1
teaspoonful,1
teaspoons,1
tea’s,1
teddie,1
tee,1
teeming,1
telegrams,1
telephoning,1
telescope,1
temperature,1
temple,1
tempting,1
tenderness,1
tendrils,1
teneriffe,1
tension,1
ter,1
term,1
terra,1
terrace,1
terrier’s,1
terrifically,1
test,1
testily,1
texts,1
thee,1
thenk,1
thenks,1
ther,1
thickness,1
thieved,1
thieving,1
thighs,1
thigs,1
thimble,1
thimbles,1
thinking’s,1
thinner,1
thirsted,1
thorny,1
thoughtful,1
thoughtfulness,1
threes,1
thrippence,1
thrippenny,1
throats,1
throb,1
throbbing,1
throbs,1
thrum,1
thud,1
thudding,1
thumped,1
thunder,1
thunderstorm,1
thursday,1
thursdays,1
ticked,1
ticking,1
tickling,1
tickly,1
tiddley,1
tidied,1
ties,1
tightened,1
timbuck,1
timeless,1
tiniest,1
tinned,1
tins,1
tipped,1
tiptoe,1
tiptop,1
tire,1
tireless,1
tiresome,1
tit,1
title,1
titter,1
tle_,1
toast,1
toffee,1
toilet,1
tomes,1
ton,1
tongues,1
tools,1
toothless,1
toppled,1
toppling,1
tortures,1
toss,1
touches,1
tout,1
toyshop,1
tracing,1
tracking,1
tracks,1
traction,1
trade,1
tradition,1
tragedy,1
tragically,1
tragœdie,1
trailing,1
train’s,1
tramped,1
trams,1
tramway,1
transcriber’s,1
transcription,1
trapped,1
trary,1
traveller,1
travellers,1
travels,1
treated,1
treats,1
trellis,1
trembles,1
trial,1
tricycle,1
trilled,1
trilling,1
trills,1
trimmings,1
triumphs,1
trois,1
troop,1
tropical,1
trots,1
troubling,1
trough,1
trucks,1
truer,1
trumpet,1
trumpeting,1
trumpets,1
trundled,1
trunks,1
truthful,1
truthfully,1
tuberoses,1
tufty,1
tug,1
tukes,1
tulips,1
tulle,1
tunes,1
turban,1
ture,1
turkish,1
turquoise,1
turre,1
turtle,1
tussle,1
twaddle,1
tweaks,1
twentieth,1
twinge,1
twinkle,1
twinkletoes,1
twitch,1
twitched,1
types,1
tyrell,1
tête_,1
ulcers,1
umtali,1
unaware,1
unbraided,1
unbroken,1
unburied,1
uncannily,1
unchanged,1
uncharitable,1
unclaimed,1
unclasping,1
uncoil,1
uncomfortable,1
uncommon,1
unconsciously,1
uncurled,1
uncut,1
underclothes,1
understands,1
underwear,1
undiscovered,1
undresses,1
undressing,1
unearthly,1
uneasily,1
uneaten,1
unexpected,1
unexplored,1
unfastening,1
unfolded,1
unfolds,1
unforgivable,1
unfurl,1
unfurled,1
unhappy,1
unharmed,1
unholy,1
unlocked,1
unmanlike,1
unmarried,1
unpin,1
unpinned,1
unpopular,1
unpractical,1
unprotected,1
unreal,1
unripe,1
unromantic,1
unruffled,1
unscrewed,1
unselfish,1
unsettles,1
unshaved,1
unsmiling,1
unsnapped,1
unspeakably,1
unstitched,1
unstrapping,1
unstuck,1
unsubstantial,1
unsuccessful,1
unsympathetic,1
untamed,1
untidy,1
untroubled,1
untying,1
unwary,1
unwinding,1
unwound,1
unwritten,1
upbringing,1
upholstered,1
upholstress,1
urged,1
usefully,1
ushered,1
uttering,1
van,1
vanish,1
variations,1
varied,1
vay,1
ve,1
veet,1
vehement,1
veiled,1
veils,1
veins,1
venturing,1
verandahs,1
verandas,1
vibrating,1
vich,1
victim,1
victims,1
viel,1
vigilant,1
vigour,1
villa,1
village,1
virginia,1
virginian,1
visited,1
visitors,1
vite,1
vite_,1
vivacious,1
voiture,1
volga,1
voo,1
voted,1
vous,1
waddle,1
waddling,1
wade,1
waded,1
waft,1
wafted,1
wage,1
wagged,1
wagging,1
wah,1
wahr,1
wah’s,1
wailing,1
waists,1
wakeful,1
walker,1
wallflower,1
wallowing,1
walter,1
waltzing,1
wand,1
wander,1
wandering,1
warder’s,1
wardress,1
warming,1
warms,1
warn,1
wary,1
washerwomen,1
wasps,1
waste,1
waterproof,1
waters,1
waterspout,1
water’s,1
weakly,1
wealth,1
weapon,1
weapons,1
wears,1
weathers,1
wee,1
weeds,1
weighed,1
weirdest,1
wenig,1
western,1
wetness,1
whack,1
whacking,1
whatsoever,1
what’ve,1
whee,1
wheels,1
whey,1
whichever,1
whirling,1
whirls,1
whiskery,1
whisperings,1
whitewashed,1
whitey,1
whiting,1
whitish,1
whity,1
wholly,1
wi,1
wickedness,1
widows,1
widow’s,1
wife’s,1
wig,1
wigs,1
wilder,1
wiles,1
willow,1
winding,1
windless,1
wines,1
wink,1
winning,1
wires,1
witness,1
wives,1
wobble,1
wobbled,1
wobbly,1
woe,1
woefully,1
woken,1
women’s,1
women’s_,1
woodcuts,1
worcester,1
world_,1
worlds,1
worried,1
worshipped,1
wovens,1
wow,1
wrapping,1
wreath,1
wreaths,1
wreckage,1
wrecked,1
wrecks,1
wretch,1
wretch’s,1
wring,1
yap,1
yards,1
yearly,1
yelp,1
yelps,1
yesterday’s,1
yestiddy,1
yi,1
yield,1
yokes,1
yore,1
york,1
youngest’s,1
zaidee,1
ze,1
zen,1
zest,1
zigzag,1
zip,1
zoo,1
zoomed,1
ça,1
éclair,1
