gutenberg_id,text,book
1321,      I. THE BURIAL OF THE DEAD,The Waste Land
1321,,The Waste Land
1321,,The Waste Land
1321,"  April is the cruellest month, breeding",The Waste Land
1321,"  Lilacs out of the dead land, mixing",The Waste Land
1321,"  Memory and desire, stirring",The Waste Land
1321,  Dull roots with spring rain.,The Waste Land
1321,"  Winter kept us warm, covering",The Waste Land
1321,"  Earth in forgetful snow, feeding",The Waste Land
1321,  A little life with dried tubers.,The Waste Land
1321,"  Summer surprised us, coming over the Starnbergersee",The Waste Land
1321,"  With a shower of rain; we stopped in the colonnade,",The Waste Land
1321,"  And went on in sunlight, into the Hofgarten,                            10",The Waste Land
1321,"  And drank coffee, and talked for an hour.",The Waste Land
1321,"  Bin gar keine Russin, stamm’ aus Litauen, echt deutsch.",The Waste Land
1321,"  And when we were children, staying at the archduke’s,",The Waste Land
1321,"  My cousin’s, he took me out on a sled,",The Waste Land
1321,"  And I was frightened. He said, Marie,",The Waste Land
1321,"  Marie, hold on tight. And down we went.",The Waste Land
1321,"  In the mountains, there you feel free.",The Waste Land
1321,"  I read, much of the night, and go south in the winter.",The Waste Land
1321,,The Waste Land
1321,"  What are the roots that clutch, what branches grow",The Waste Land
1321,"  Out of this stony rubbish? Son of man,                                  20",The Waste Land
1321,"  You cannot say, or guess, for you know only",The Waste Land
1321,"  A heap of broken images, where the sun beats,",The Waste Land
1321,"  And the dead tree gives no shelter, the cricket no relief,",The Waste Land
1321,  And the dry stone no sound of water. Only,The Waste Land
1321,"  There is shadow under this red rock,",The Waste Land
1321,"  (Come in under the shadow of this red rock),",The Waste Land
1321,  And I will show you something different from either,The Waste Land
1321,  Your shadow at morning striding behind you,The Waste Land
1321,  Or your shadow at evening rising to meet you;,The Waste Land
1321,  I will show you fear in a handful of dust.                              30,The Waste Land
1321,       _Frisch weht der Wind,The Waste Land
1321,       Der Heimat zu,The Waste Land
1321,"       Mein Irisch Kind,",The Waste Land
1321,       Wo weilest du?_,The Waste Land
1321,  “You gave me hyacinths first a year ago;,The Waste Land
1321,  “They called me the hyacinth girl.”,The Waste Land
1321,"  —Yet when we came back, late, from the Hyacinth garden,",The Waste Land
1321,"  Your arms full, and your hair wet, I could not",The Waste Land
1321,"  Speak, and my eyes failed, I was neither",The Waste Land
1321,"  Living nor dead, and I knew nothing,                                    40",The Waste Land
1321,"  Looking into the heart of light, the silence.",The Waste Land
1321,  _Oed’ und leer das Meer_.,The Waste Land
1321,,The Waste Land
1321,"  Madame Sosostris, famous clairvoyante,",The Waste Land
1321,"  Had a bad cold, nevertheless",The Waste Land
1321,"  Is known to be the wisest woman in Europe,",The Waste Land
1321,"  With a wicked pack of cards. Here, said she,",The Waste Land
1321,"  Is your card, the drowned Phoenician Sailor,",The Waste Land
1321,  (Those are pearls that were his eyes. Look!),The Waste Land
1321,"  Here is Belladonna, the Lady of the Rocks,",The Waste Land
1321,  The lady of situations.                                                 50,The Waste Land
1321,"  Here is the man with three staves, and here the Wheel,",The Waste Land
1321,"  And here is the one-eyed merchant, and this card,",The Waste Land
1321,"  Which is blank, is something he carries on his back,",The Waste Land
1321,  Which I am forbidden to see. I do not find,The Waste Land
1321,  The Hanged Man. Fear death by water.,The Waste Land
1321,"  I see crowds of people, walking round in a ring.",The Waste Land
1321,"  Thank you. If you see dear Mrs. Equitone,",The Waste Land
1321,  Tell her I bring the horoscope myself:,The Waste Land
1321,  One must be so careful these days.,The Waste Land
1321,,The Waste Land
1321,"  Unreal City,                                                            60",The Waste Land
1321,"  Under the brown fog of a winter dawn,",The Waste Land
1321,"  A crowd flowed over London Bridge, so many,",The Waste Land
1321,  I had not thought death had undone so many.,The Waste Land
1321,"  Sighs, short and infrequent, were exhaled,",The Waste Land
1321,  And each man fixed his eyes before his feet.,The Waste Land
1321,"  Flowed up the hill and down King William Street,",The Waste Land
1321,  To where Saint Mary Woolnoth kept the hours,The Waste Land
1321,  With a dead sound on the final stroke of nine.,The Waste Land
1321,"  There I saw one I knew, and stopped him, crying “Stetson!",The Waste Land
1321,  “You who were with me in the ships at Mylae!                            70,The Waste Land
1321,"  “That corpse you planted last year in your garden,",The Waste Land
1321,  “Has it begun to sprout? Will it bloom this year?,The Waste Land
1321,  “Or has the sudden frost disturbed its bed?,The Waste Land
1321,"  “Oh keep the Dog far hence, that’s friend to men,",The Waste Land
1321,  “Or with his nails he’ll dig it up again!,The Waste Land
1321,"  “You! hypocrite lecteur!—mon semblable,—mon frère!”    ",The Waste Land
1321,,The Waste Land
1321,,The Waste Land
1321,,The Waste Land
1321,,The Waste Land
1321,      II. A GAME OF CHESS,The Waste Land
1321,,The Waste Land
1321,,The Waste Land
1321,"  The Chair she sat in, like a burnished throne,",The Waste Land
1321,"  Glowed on the marble, where the glass",The Waste Land
1321,  Held up by standards wrought with fruited vines,The Waste Land
1321,  From which a golden Cupidon peeped out                                  80,The Waste Land
1321,  (Another hid his eyes behind his wing),The Waste Land
1321,  Doubled the flames of sevenbranched candelabra,The Waste Land
1321,  Reflecting light upon the table as,The Waste Land
1321,"  The glitter of her jewels rose to meet it,",The Waste Land
1321,  From satin cases poured in rich profusion.,The Waste Land
1321,  In vials of ivory and coloured glass,The Waste Land
1321,"  Unstoppered, lurked her strange synthetic perfumes,",The Waste Land
1321,"  Unguent, powdered, or liquid—troubled, confused",The Waste Land
1321,  And drowned the sense in odours; stirred by the air,The Waste Land
1321,"  That freshened from the window, these ascended                          90",The Waste Land
1321,"  In fattening the prolonged candle-flames,",The Waste Land
1321,"  Flung their smoke into the laquearia,",The Waste Land
1321,  Stirring the pattern on the coffered ceiling.,The Waste Land
1321,  Huge sea-wood fed with copper,The Waste Land
1321,"  Burned green and orange, framed by the coloured stone,",The Waste Land
1321,  In which sad light a carvèd dolphin swam.,The Waste Land
1321,  Above the antique mantel was displayed,The Waste Land
1321,  As though a window gave upon the sylvan scene,The Waste Land
1321,"  The change of Philomel, by the barbarous king",The Waste Land
1321,  So rudely forced; yet there the nightingale                             100,The Waste Land
1321,  Filled all the desert with inviolable voice,The Waste Land
1321,"  And still she cried, and still the world pursues,",The Waste Land
1321,  “Jug Jug” to dirty ears.,The Waste Land
1321,  And other withered stumps of time,The Waste Land
1321,  Were told upon the walls; staring forms,The Waste Land
1321,"  Leaned out, leaning, hushing the room enclosed.",The Waste Land
1321,  Footsteps shuffled on the stair.,The Waste Land
1321,"  Under the firelight, under the brush, her hair",The Waste Land
1321,  Spread out in fiery points,The Waste Land
1321,"  Glowed into words, then would be savagely still.                        110",The Waste Land
1321,,The Waste Land
1321,"  “My nerves are bad to-night. Yes, bad. Stay with me.",The Waste Land
1321,  “Speak to me. Why do you never speak. Speak.,The Waste Land
1321,  “What are you thinking of? What thinking? What?,The Waste Land
1321,  “I never know what you are thinking. Think.”,The Waste Land
1321,,The Waste Land
1321,  I think we are in rats’ alley,The Waste Land
1321,  Where the dead men lost their bones.,The Waste Land
1321,,The Waste Land
1321,  “What is that noise?”,The Waste Land
1321,                               The wind under the door.,The Waste Land
1321,  “What is that noise now? What is the wind doing?”,The Waste Land
1321,                               Nothing again nothing.                     120,The Waste Land
1321,                                                                    “Do,The Waste Land
1321,  “You know nothing? Do you see nothing? Do you remember,The Waste Land
1321,  “Nothing?”,The Waste Land
1321,,The Waste Land
1321,     I remember,The Waste Land
1321,  Those are pearls that were his eyes.,The Waste Land
1321,"  “Are you alive, or not? Is there nothing in your head?”",The Waste Land
1321,                                                                      But,The Waste Land
1321,  O O O O that Shakespeherian Rag—,The Waste Land
1321,  It’s so elegant,The Waste Land
1321,  So intelligent                                                          130,The Waste Land
1321,  “What shall I do now? What shall I do?”,The Waste Land
1321,"  I shall rush out as I am, and walk the street",The Waste Land
1321,"  “With my hair down, so. What shall we do tomorrow?",The Waste Land
1321,  “What shall we ever do?”,The Waste Land
1321,                                       The hot water at ten.,The Waste Land
1321,"  And if it rains, a closed car at four.",The Waste Land
1321,"  And we shall play a game of chess,",The Waste Land
1321,  Pressing lidless eyes and waiting for a knock upon the door.,The Waste Land
1321,,The Waste Land
1321,"  When Lil’s husband got demobbed, I said—",The Waste Land
1321,"  I didn’t mince my words, I said to her myself,                          140",The Waste Land
1321,  HURRY UP PLEASE IT’S TIME,The Waste Land
1321,"  Now Albert’s coming back, make yourself a bit smart.",The Waste Land
1321,  He’ll want to know what you done with that money he gave you,The Waste Land
1321,"  To get yourself some teeth. He did, I was there.",The Waste Land
1321,"  You have them all out, Lil, and get a nice set,",The Waste Land
1321,"  He said, I swear, I can’t bear to look at you.",The Waste Land
1321,"  And no more can’t I, I said, and think of poor Albert,",The Waste Land
1321,"  He’s been in the army four years, he wants a good time,",The Waste Land
1321,"  And if you don’t give it him, there’s others will, I said.",The Waste Land
1321,"  Oh is there, she said. Something o’ that, I said.                       150",The Waste Land
1321,"  Then I’ll know who to thank, she said, and give me a straight look.",The Waste Land
1321,  HURRY UP PLEASE IT’S TIME,The Waste Land
1321,"  If you don’t like it you can get on with it, I said.",The Waste Land
1321,  Others can pick and choose if you can’t.,The Waste Land
1321,"  But if Albert makes off, it won’t be for lack of telling.",The Waste Land
1321,"  You ought to be ashamed, I said, to look so antique.",The Waste Land
1321,  (And her only thirty-one.),The Waste Land
1321,"  I can’t help it, she said, pulling a long face,",The Waste Land
1321,"  It’s them pills I took, to bring it off, she said.",The Waste Land
1321,"  (She’s had five already, and nearly died of young George.)              160",The Waste Land
1321,"  The chemist said it would be all right, but I’ve never been the same.",The Waste Land
1321,"  You _are_ a proper fool, I said.",The Waste Land
1321,"  Well, if Albert won’t leave you alone, there it is, I said,",The Waste Land
1321,  What you get married for if you don’t want children?,The Waste Land
1321,  HURRY UP PLEASE IT’S TIME,The Waste Land
1321,"  Well, that Sunday Albert was home, they had a hot gammon,",The Waste Land
1321,"  And they asked me in to dinner, to get the beauty of it hot—",The Waste Land
1321,  HURRY UP PLEASE IT’S TIME,The Waste Land
1321,  HURRY UP PLEASE IT’S TIME,The Waste Land
1321,  Goonight Bill. Goonight Lou. Goonight May. Goonight.                    170,The Waste Land
1321,  Ta ta. Goonight. Goonight.,The Waste Land
1321,"  Good night, ladies, good night, sweet ladies, good night, good night.    ",The Waste Land
1321,,The Waste Land
1321,,The Waste Land
1321,,The Waste Land
1321,,The Waste Land
1321,      III. THE FIRE SERMON,The Waste Land
1321,,The Waste Land
1321,,The Waste Land
1321,  The river’s tent is broken: the last fingers of leaf,The Waste Land
1321,  Clutch and sink into the wet bank. The wind,The Waste Land
1321,"  Crosses the brown land, unheard. The nymphs are departed.",The Waste Land
1321,"  Sweet Thames, run softly, till I end my song.",The Waste Land
1321,"  The river bears no empty bottles, sandwich papers,",The Waste Land
1321,"  Silk handkerchiefs, cardboard boxes, cigarette ends",The Waste Land
1321,  Or other testimony of summer nights. The nymphs are departed.,The Waste Land
1321,"  And their friends, the loitering heirs of city directors;               180",The Waste Land
1321,"  Departed, have left no addresses.",The Waste Land
1321,  By the waters of Leman I sat down and wept . . .,The Waste Land
1321,"  Sweet Thames, run softly till I end my song,",The Waste Land
1321,"  Sweet Thames, run softly, for I speak not loud or long.",The Waste Land
1321,  But at my back in a cold blast I hear,The Waste Land
1321,"  The rattle of the bones, and chuckle spread from ear to ear.",The Waste Land
1321,  A rat crept softly through the vegetation,The Waste Land
1321,  Dragging its slimy belly on the bank,The Waste Land
1321,  While I was fishing in the dull canal,The Waste Land
1321,  On a winter evening round behind the gashouse                           190,The Waste Land
1321,  Musing upon the king my brother’s wreck,The Waste Land
1321,  And on the king my father’s death before him.,The Waste Land
1321,  White bodies naked on the low damp ground,The Waste Land
1321,"  And bones cast in a little low dry garret,",The Waste Land
1321,"  Rattled by the rat’s foot only, year to year.",The Waste Land
1321,  But at my back from time to time I hear,The Waste Land
1321,"  The sound of horns and motors, which shall bring",The Waste Land
1321,  Sweeney to Mrs. Porter in the spring.,The Waste Land
1321,  O the moon shone bright on Mrs. Porter,The Waste Land
1321,  And on her daughter                                                     200,The Waste Land
1321,  They wash their feet in soda water,The Waste Land
1321,"  _Et O ces voix d’enfants, chantant dans la coupole!_",The Waste Land
1321,,The Waste Land
1321,  Twit twit twit,The Waste Land
1321,  Jug jug jug jug jug jug,The Waste Land
1321,  So rudely forc’d.,The Waste Land
1321,  Tereu,The Waste Land
1321,,The Waste Land
1321,  Unreal City,The Waste Land
1321,  Under the brown fog of a winter noon,The Waste Land
1321,"  Mr. Eugenides, the Smyrna merchant",The Waste Land
1321,"  Unshaven, with a pocket full of currants                                210",The Waste Land
1321,"  C.i.f. London: documents at sight,",The Waste Land
1321,  Asked me in demotic French,The Waste Land
1321,  To luncheon at the Cannon Street Hotel,The Waste Land
1321,  Followed by a weekend at the Metropole.,The Waste Land
1321,,The Waste Land
1321,"  At the violet hour, when the eyes and back",The Waste Land
1321,"  Turn upward from the desk, when the human engine waits",The Waste Land
1321,"  Like a taxi throbbing waiting,",The Waste Land
1321,"  I Tiresias, though blind, throbbing between two lives,",The Waste Land
1321,"  Old man with wrinkled female breasts, can see",The Waste Land
1321,"  At the violet hour, the evening hour that strives                       220",The Waste Land
1321,"  Homeward, and brings the sailor home from sea,",The Waste Land
1321,"  The typist home at teatime, clears her breakfast, lights",The Waste Land
1321,"  Her stove, and lays out food in tins.",The Waste Land
1321,  Out of the window perilously spread,The Waste Land
1321,"  Her drying combinations touched by the sun’s last rays,",The Waste Land
1321,  On the divan are piled (at night her bed),The Waste Land
1321,"  Stockings, slippers, camisoles, and stays.",The Waste Land
1321,"  I Tiresias, old man with wrinkled dugs",The Waste Land
1321,"  Perceived the scene, and foretold the rest—",The Waste Land
1321,  I too awaited the expected guest.                                       230,The Waste Land
1321,"  He, the young man carbuncular, arrives,",The Waste Land
1321,"  A small house agent’s clerk, with one bold stare,",The Waste Land
1321,  One of the low on whom assurance sits,The Waste Land
1321,  As a silk hat on a Bradford millionaire.,The Waste Land
1321,"  The time is now propitious, as he guesses,",The Waste Land
1321,"  The meal is ended, she is bored and tired,",The Waste Land
1321,  Endeavours to engage her in caresses,The Waste Land
1321,"  Which still are unreproved, if undesired.",The Waste Land
1321,"  Flushed and decided, he assaults at once;",The Waste Land
1321,  Exploring hands encounter no defence;                                   240,The Waste Land
1321,"  His vanity requires no response,",The Waste Land
1321,  And makes a welcome of indifference.,The Waste Land
1321,  (And I Tiresias have foresuffered all,The Waste Land
1321,  Enacted on this same divan or bed;,The Waste Land
1321,  I who have sat by Thebes below the wall,The Waste Land
1321,  And walked among the lowest of the dead.),The Waste Land
1321,"  Bestows one final patronising kiss,",The Waste Land
1321,"  And gropes his way, finding the stairs unlit . . .",The Waste Land
1321,,The Waste Land
1321,"  She turns and looks a moment in the glass,",The Waste Land
1321,  Hardly aware of her departed lover;                                     250,The Waste Land
1321,  Her brain allows one half-formed thought to pass:,The Waste Land
1321,  “Well now that’s done: and I’m glad it’s over.”,The Waste Land
1321,  When lovely woman stoops to folly and,The Waste Land
1321,"  Paces about her room again, alone,",The Waste Land
1321,"  She smooths her hair with automatic hand,",The Waste Land
1321,  And puts a record on the gramophone.,The Waste Land
1321,,The Waste Land
1321,  “This music crept by me upon the waters”,The Waste Land
1321,"  And along the Strand, up Queen Victoria Street.",The Waste Land
1321,"  O City city, I can sometimes hear",The Waste Land
1321,"  Beside a public bar in Lower Thames Street,                             260",The Waste Land
1321,  The pleasant whining of a mandoline,The Waste Land
1321,  And a clatter and a chatter from within,The Waste Land
1321,  Where fishmen lounge at noon: where the walls,The Waste Land
1321,  Of Magnus Martyr hold,The Waste Land
1321,  Inexplicable splendour of Ionian white and gold.,The Waste Land
1321,,The Waste Land
1321,       The river sweats,The Waste Land
1321,       Oil and tar,The Waste Land
1321,       The barges drift,The Waste Land
1321,       With the turning tide,The Waste Land
1321,       Red sails                                                          270,The Waste Land
1321,       Wide,The Waste Land
1321,"       To leeward, swing on the heavy spar.",The Waste Land
1321,       The barges wash,The Waste Land
1321,       Drifting logs,The Waste Land
1321,       Down Greenwich reach,The Waste Land
1321,       Past the Isle of Dogs.,The Waste Land
1321,            Weialala leia,The Waste Land
1321,            Wallala leialala,The Waste Land
1321,       Elizabeth and Leicester,The Waste Land
1321,       Beating oars                                                       280,The Waste Land
1321,       The stern was formed,The Waste Land
1321,       A gilded shell,The Waste Land
1321,       Red and gold,The Waste Land
1321,       The brisk swell,The Waste Land
1321,       Rippled both shores,The Waste Land
1321,       Southwest wind,The Waste Land
1321,       Carried down stream,The Waste Land
1321,       The peal of bells,The Waste Land
1321,       White towers,The Waste Land
1321,            Weialala leia                                                 290,The Waste Land
1321,            Wallala leialala,The Waste Land
1321,,The Waste Land
1321,  “Trams and dusty trees.,The Waste Land
1321,  Highbury bore me. Richmond and Kew,The Waste Land
1321,  Undid me. By Richmond I raised my knees,The Waste Land
1321,  Supine on the floor of a narrow canoe.”,The Waste Land
1321,,The Waste Land
1321,"  “My feet are at Moorgate, and my heart",The Waste Land
1321,  Under my feet. After the event,The Waste Land
1321,  He wept. He promised ‘a new start’.,The Waste Land
1321,  I made no comment. What should I resent?”,The Waste Land
1321,  “On Margate Sands.                                                      300,The Waste Land
1321,  I can connect,The Waste Land
1321,  Nothing with nothing.,The Waste Land
1321,  The broken fingernails of dirty hands.,The Waste Land
1321,  My people humble people who expect,The Waste Land
1321,  Nothing.”,The Waste Land
1321,       la la,The Waste Land
1321,,The Waste Land
1321,  To Carthage then I came,The Waste Land
1321,,The Waste Land
1321,  Burning burning burning burning,The Waste Land
1321,  O Lord Thou pluckest me out,The Waste Land
1321,  O Lord Thou pluckest                                                    310,The Waste Land
1321,,The Waste Land
1321,  burning    ,The Waste Land
1321,,The Waste Land
1321,,The Waste Land
1321,,The Waste Land
1321,,The Waste Land
1321,      IV. DEATH BY WATER,The Waste Land
1321,,The Waste Land
1321,,The Waste Land
1321,"  Phlebas the Phoenician, a fortnight dead,",The Waste Land
1321,"  Forgot the cry of gulls, and the deep sea swell",The Waste Land
1321,  And the profit and loss.,The Waste Land
1321,                                           A current under sea,The Waste Land
1321,  Picked his bones in whispers. As he rose and fell,The Waste Land
1321,  He passed the stages of his age and youth,The Waste Land
1321,  Entering the whirlpool.,The Waste Land
1321,                                         Gentile or Jew,The Waste Land
1321,"  O you who turn the wheel and look to windward,                          320",The Waste Land
1321,"  Consider Phlebas, who was once handsome and tall as you.    ",The Waste Land
1321,,The Waste Land
1321,,The Waste Land
1321,,The Waste Land
1321,,The Waste Land
1321,      V. WHAT THE THUNDER SAID,The Waste Land
1321,,The Waste Land
1321,,The Waste Land
1321,  After the torchlight red on sweaty faces,The Waste Land
1321,  After the frosty silence in the gardens,The Waste Land
1321,  After the agony in stony places,The Waste Land
1321,  The shouting and the crying,The Waste Land
1321,  Prison and palace and reverberation,The Waste Land
1321,  Of thunder of spring over distant mountains,The Waste Land
1321,  He who was living is now dead,The Waste Land
1321,  We who were living are now dying,The Waste Land
1321,  With a little patience                                                  330,The Waste Land
1321,,The Waste Land
1321,  Here is no water but only rock,The Waste Land
1321,  Rock and no water and the sandy road,The Waste Land
1321,  The road winding above among the mountains,The Waste Land
1321,  Which are mountains of rock without water,The Waste Land
1321,  If there were water we should stop and drink,The Waste Land
1321,  Amongst the rock one cannot stop or think,The Waste Land
1321,  Sweat is dry and feet are in the sand,The Waste Land
1321,  If there were only water amongst the rock,The Waste Land
1321,  Dead mountain mouth of carious teeth that cannot spit,The Waste Land
1321,  Here one can neither stand nor lie nor sit                              340,The Waste Land
1321,  There is not even silence in the mountains,The Waste Land
1321,  But dry sterile thunder without rain,The Waste Land
1321,  There is not even solitude in the mountains,The Waste Land
1321,  But red sullen faces sneer and snarl,The Waste Land
1321,  From doors of mudcracked houses,The Waste Land
1321,                                                           If there were water,The Waste Land
1321,  And no rock,The Waste Land
1321,  If there were rock,The Waste Land
1321,  And also water,The Waste Land
1321,  And water                                                               350,The Waste Land
1321,  A spring,The Waste Land
1321,  A pool among the rock,The Waste Land
1321,  If there were the sound of water only,The Waste Land
1321,  Not the cicada,The Waste Land
1321,  And dry grass singing,The Waste Land
1321,  But sound of water over a rock,The Waste Land
1321,  Where the hermit-thrush sings in the pine trees,The Waste Land
1321,  Drip drop drip drop drop drop drop,The Waste Land
1321,  But there is no water,The Waste Land
1321,,The Waste Land
1321,  Who is the third who walks always beside you?,The Waste Land
1321,"  When I count, there are only you and I together                         360",The Waste Land
1321,  But when I look ahead up the white road,The Waste Land
1321,  There is always another one walking beside you,The Waste Land
1321,"  Gliding wrapt in a brown mantle, hooded",The Waste Land
1321,  I do not know whether a man or a woman,The Waste Land
1321,  —But who is that on the other side of you?,The Waste Land
1321,,The Waste Land
1321,  What is that sound high in the air,The Waste Land
1321,  Murmur of maternal lamentation,The Waste Land
1321,  Who are those hooded hordes swarming,The Waste Land
1321,"  Over endless plains, stumbling in cracked earth",The Waste Land
1321,  Ringed by the flat horizon only                                         370,The Waste Land
1321,  What is the city over the mountains,The Waste Land
1321,  Cracks and reforms and bursts in the violet air,The Waste Land
1321,  Falling towers,The Waste Land
1321,  Jerusalem Athens Alexandria,The Waste Land
1321,  Vienna London,The Waste Land
1321,  Unreal,The Waste Land
1321,,The Waste Land
1321,  A woman drew her long black hair out tight,The Waste Land
1321,  And fiddled whisper music on those strings,The Waste Land
1321,  And bats with baby faces in the violet light,The Waste Land
1321,"  Whistled, and beat their wings                                          380",The Waste Land
1321,  And crawled head downward down a blackened wall,The Waste Land
1321,  And upside down in air were towers,The Waste Land
1321,"  Tolling reminiscent bells, that kept the hours",The Waste Land
1321,  And voices singing out of empty cisterns and exhausted wells.,The Waste Land
1321,,The Waste Land
1321,  In this decayed hole among the mountains,The Waste Land
1321,"  In the faint moonlight, the grass is singing",The Waste Land
1321,"  Over the tumbled graves, about the chapel",The Waste Land
1321,"  There is the empty chapel, only the wind’s home.",The Waste Land
1321,"  It has no windows, and the door swings,",The Waste Land
1321,  Dry bones can harm no one.                                              390,The Waste Land
1321,  Only a cock stood on the rooftree,The Waste Land
1321,  Co co rico co co rico,The Waste Land
1321,  In a flash of lightning. Then a damp gust,The Waste Land
1321,  Bringing rain,The Waste Land
1321,,The Waste Land
1321,"  Ganga was sunken, and the limp leaves",The Waste Land
1321,"  Waited for rain, while the black clouds",The Waste Land
1321,"  Gathered far distant, over Himavant.",The Waste Land
1321,"  The jungle crouched, humped in silence.",The Waste Land
1321,  Then spoke the thunder,The Waste Land
1321,  DA                                                                      400,The Waste Land
1321,  _Datta:_ what have we given?,The Waste Land
1321,"  My friend, blood shaking my heart",The Waste Land
1321,  The awful daring of a moment’s surrender,The Waste Land
1321,  Which an age of prudence can never retract,The Waste Land
1321,"  By this, and this only, we have existed",The Waste Land
1321,  Which is not to be found in our obituaries,The Waste Land
1321,  Or in memories draped by the beneficent spider,The Waste Land
1321,  Or under seals broken by the lean solicitor,The Waste Land
1321,  In our empty rooms,The Waste Land
1321,  DA                                                                      410,The Waste Land
1321,  _Dayadhvam:_ I have heard the key,The Waste Land
1321,  Turn in the door once and turn once only,The Waste Land
1321,"  We think of the key, each in his prison",The Waste Land
1321,"  Thinking of the key, each confirms a prison",The Waste Land
1321,"  Only at nightfall, aetherial rumours",The Waste Land
1321,  Revive for a moment a broken Coriolanus,The Waste Land
1321,  DA,The Waste Land
1321,  _Damyata:_ The boat responded,The Waste Land
1321,"  Gaily, to the hand expert with sail and oar",The Waste Land
1321,"  The sea was calm, your heart would have responded                       420",The Waste Land
1321,"  Gaily, when invited, beating obedient",The Waste Land
1321,  To controlling hands,The Waste Land
1321,,The Waste Land
1321,                                       I sat upon the shore,The Waste Land
1321,"  Fishing, with the arid plain behind me",The Waste Land
1321,  Shall I at least set my lands in order?,The Waste Land
1321,  London Bridge is falling down falling down falling down,The Waste Land
1321,  _Poi s’ascose nel foco che gli affina,The Waste Land
1321,  Quando fiam ceu chelidon_ — O swallow swallow,The Waste Land
1321,  _Le Prince d’Aquitaine à la tour abolie_,The Waste Land
1321,  These fragments I have shored against my ruins                          430,The Waste Land
1321,  Why then Ile fit you. Hieronymo’s mad againe.,The Waste Land
1321,  Datta. Dayadhvam. Damyata.,The Waste Land
1321,                             Shantih    shantih    shantih,The Waste Land
1321,,The Waste Land
1321,  Line 415 aetherial] aethereal,The Waste Land
1321,  Line 428 ceu] uti— Editor    ,The Waste Land
1321,,The Waste Land
1321,,The Waste Land
1321,,The Waste Land
1321,,The Waste Land
1321,      NOTES ON “THE WASTE LAND”,The Waste Land
1321,,The Waste Land
1321,,The Waste Land
1321,"      Not only the title, but the plan and a good deal of the",The Waste Land
1321,      incidental symbolism of the poem were suggested by Miss Jessie L.,The Waste Land
1321,      Weston’s book on the Grail legend: _From Ritual to Romance_,The Waste Land
1321,"      (Macmillan, Cambridge) Indeed, so deeply am I indebted, Miss",The Waste Land
1321,      Weston’s book will elucidate the difficulties of the poem much,The Waste Land
1321,      better than my notes can do; and I recommend it (apart from the,The Waste Land
1321,      great interest of the book itself) to any who think such,The Waste Land
1321,      elucidation of the poem worth the trouble. To another work of,The Waste Land
1321,"      anthropology I am indebted in general, one which has influenced",The Waste Land
1321,      our generation profoundly; I mean _The Golden Bough_; I have used,The Waste Land
1321,"      especially the two volumes _Adonis, Attis, Osiris_. Anyone who is",The Waste Land
1321,      acquainted with these works will immediately recognise in the,The Waste Land
1321,      poem certain references to vegetation ceremonies.,The Waste Land
1321,    ,The Waste Land
1321,      I. THE BURIAL OF THE DEAD,The Waste Land
1321,    ,The Waste Land
1321,      Line 20.  Cf.  _Ezekiel_ 2:1.,The Waste Land
1321,    ,The Waste Land
1321,      23.  Cf.  _Ecclesiastes_ 12:5.,The Waste Land
1321,    ,The Waste Land
1321,"      31.  V.  _Tristan und Isolde_, i, verses 5-8.",The Waste Land
1321,    ,The Waste Land
1321,"      42.  Id.  iii, verse 24.",The Waste Land
1321,    ,The Waste Land
1321,      46.  I am not familiar with the exact constitution of the Tarot,The Waste Land
1321,"      pack of cards, from which I have obviously departed to suit my",The Waste Land
1321,"      own convenience. The Hanged Man, a member of the traditional",The Waste Land
1321,"      pack, fits my purpose in two ways:  because he is associated in",The Waste Land
1321,"      my mind with the Hanged God of Frazer, and because I associate",The Waste Land
1321,      him with the hooded figure in the passage of the disciples to,The Waste Land
1321,      Emmaus in Part V. The Phoenician Sailor and the Merchant appear,The Waste Land
1321,"      later; also the “crowds of people,” and Death by Water is",The Waste Land
1321,      executed in Part IV.  The Man with Three Staves (an authentic,The Waste Land
1321,"      member of the Tarot pack) I associate, quite arbitrarily, with",The Waste Land
1321,      the Fisher King himself.,The Waste Land
1321,    ,The Waste Land
1321,      60.  Cf.  Baudelaire:,The Waste Land
1321,    ,The Waste Land
1321,,The Waste Land
1321,"       “Fourmillante cité, cité; pleine de rêves,",The Waste Land
1321,       Où le spectre en plein jour raccroche le passant.”    ,The Waste Land
1321,"      63.  Cf.  _Inferno_, iii.  55-7.",The Waste Land
1321,    ,The Waste Land
1321,,The Waste Land
1321,                                     “si lunga tratta,The Waste Land
1321,"       di gente, ch’io non avrei mai creduto",The Waste Land
1321,       che morte tanta n’avesse disfatta.”    ,The Waste Land
1321,"      64.  Cf.  _Inferno_, iv.  25-7:",The Waste Land
1321,    ,The Waste Land
1321,,The Waste Land
1321,"       “Quivi, secondo che per ascoltare,",The Waste Land
1321,"       “non avea pianto, ma’ che di sospiri,",The Waste Land
1321,       “che l’aura eterna facevan tremare.”    ,The Waste Land
1321,      68.  A phenomenon which I have often noticed.,The Waste Land
1321,    ,The Waste Land
1321,      74.  Cf.  the Dirge in Webster’s _White Devil_.,The Waste Land
1321,    ,The Waste Land
1321,"      76.  V. Baudelaire, Preface to _Fleurs du Mal_.",The Waste Land
1321,    ,The Waste Land
1321,      II.  A GAME OF CHESS,The Waste Land
1321,    ,The Waste Land
1321,"      77.  Cf.  _Antony and Cleopatra_, II. ii., l. 190.",The Waste Land
1321,    ,The Waste Land
1321,"      92.  Laquearia.  V.  _Aeneid_, I. 726:",The Waste Land
1321,    ,The Waste Land
1321,,The Waste Land
1321,       dependent lychni laquearibus aureis,The Waste Land
1321,"       incensi, et noctem flammis funalia vincunt.    ",The Waste Land
1321,"      98.  Sylvan scene.  V. Milton, _Paradise Lost_, iv.  140.",The Waste Land
1321,    ,The Waste Land
1321,"      99.  V. Ovid, _Metamorphoses_, vi, Philomela.",The Waste Land
1321,    ,The Waste Land
1321,"      100.  Cf.  Part III, l. 204.",The Waste Land
1321,    ,The Waste Land
1321,"      115.  Cf.  Part III, l. 195.",The Waste Land
1321,    ,The Waste Land
1321,      118.  Cf.  Webster:  “Is the wind in that door still?”,The Waste Land
1321,    ,The Waste Land
1321,"      126.  Cf.  Part I, l. 37, 48.",The Waste Land
1321,    ,The Waste Land
1321,      138.  Cf.  the game of chess in Middleton’s _Women beware Women_.,The Waste Land
1321,    ,The Waste Land
1321,      III.  THE FIRE SERMON,The Waste Land
1321,    ,The Waste Land
1321,"      176.  V. Spenser, _Prothalamion_.",The Waste Land
1321,    ,The Waste Land
1321,"      192.  Cf.  _The Tempest_, I.  ii.",The Waste Land
1321,    ,The Waste Land
1321,"      196.  Cf.  Marvell, _To His Coy Mistress_.",The Waste Land
1321,    ,The Waste Land
1321,"      197.  Cf.  Day, _Parliament of Bees_:",The Waste Land
1321,    ,The Waste Land
1321,,The Waste Land
1321,"       “When of the sudden, listening, you shall hear,",The Waste Land
1321,"       “A noise of horns and hunting, which shall bring",The Waste Land
1321,"       “Actaeon to Diana in the spring,",The Waste Land
1321,       “Where all shall see her naked skin . . .”    ,The Waste Land
1321,      199.  I do not know the origin of the ballad from which these,The Waste Land
1321,"      lines are taken:  it was reported to me from Sydney, Australia.",The Waste Land
1321,    ,The Waste Land
1321,"      202.  V. Verlaine, _Parsifal_.",The Waste Land
1321,    ,The Waste Land
1321,      210.  The currants were quoted at a price “carriage and insurance,The Waste Land
1321,      free to London”; and the Bill of Lading etc. were to be handed,The Waste Land
1321,      to the buyer upon payment of the sight draft.,The Waste Land
1321,    ,The Waste Land
1321,"      210.  “Carriage and insurance free”] “cost, insurance and",The Waste Land
1321,      freight”-Editor.,The Waste Land
1321,    ,The Waste Land
1321,"      218.  Tiresias, although a mere spectator and not indeed a",The Waste Land
1321,"      “character,” is yet the most important personage in the poem,",The Waste Land
1321,"      uniting all the rest. Just as the one-eyed merchant, seller of",The Waste Land
1321,"      currants, melts into the Phoenician Sailor, and the latter is not",The Waste Land
1321,"      wholly distinct from Ferdinand Prince of Naples, so all the women",The Waste Land
1321,"      are one woman, and the two sexes meet in Tiresias.  What Tiresias",The Waste Land
1321,"      _sees_, in fact, is the substance of the poem.  The whole passage",The Waste Land
1321,      from Ovid is of great anthropological interest:,The Waste Land
1321,    ,The Waste Land
1321,,The Waste Land
1321,       ‘. . . Cum Iunone iocos et maior vestra profecto est,The Waste Land
1321,"       Quam, quae contingit maribus,’ dixisse, ‘voluptas.’",The Waste Land
1321,       Illa negat; placuit quae sit sententia docti,The Waste Land
1321,       Quaerere Tiresiae: venus huic erat utraque nota.,The Waste Land
1321,       Nam duo magnorum viridi coeuntia silva,The Waste Land
1321,       Corpora serpentum baculi violaverat ictu,The Waste Land
1321,"       Deque viro factus, mirabile, femina septem",The Waste Land
1321,       Egerat autumnos; octavo rursus eosdem,The Waste Land
1321,"       Vidit et ‘est vestrae si tanta potentia plagae,’",The Waste Land
1321,"       Dixit ‘ut auctoris sortem in contraria mutet,",The Waste Land
1321,       Nunc quoque vos feriam!’ percussis anguibus isdem,The Waste Land
1321,       Forma prior rediit genetivaque venit imago.,The Waste Land
1321,       Arbiter hic igitur sumptus de lite iocosa,The Waste Land
1321,       Dicta Iovis firmat; gravius Saturnia iusto,The Waste Land
1321,       Nec pro materia fertur doluisse suique,The Waste Land
1321,"       Iudicis aeterna damnavit lumina nocte,",The Waste Land
1321,       At pater omnipotens (neque enim licet inrita cuiquam,The Waste Land
1321,       Facta dei fecisse deo) pro lumine adempto,The Waste Land
1321,       Scire futura dedit poenamque levavit honore.    ,The Waste Land
1321,,The Waste Land
1321,"      221.  This may not appear as exact as Sappho’s lines, but I had",The Waste Land
1321,"      in mind the “longshore” or “dory” fisherman, who returns at",The Waste Land
1321,      nightfall.,The Waste Land
1321,    ,The Waste Land
1321,"      253.  V. Goldsmith, the song in _The Vicar of Wakefield_.",The Waste Land
1321,    ,The Waste Land
1321,"      257.  V.  _The Tempest_, as above.",The Waste Land
1321,    ,The Waste Land
1321,      264.  The interior of St. Magnus Martyr is to my mind one of,The Waste Land
1321,      the finest among Wren’s interiors.  See _The Proposed Demolition,The Waste Land
1321,"      of Nineteen City Churches_ (P. S. King & Son, Ltd.).",The Waste Land
1321,    ,The Waste Land
1321,      266.  The Song of the (three) Thames-daughters begins here.,The Waste Land
1321,      From line 292 to 306 inclusive they speak in turn.,The Waste Land
1321,"      V.  _Götterdämmerung_, III.  i:  the Rhine-daughters.",The Waste Land
1321,    ,The Waste Land
1321,"      279.  V. Froude, _Elizabeth_, Vol.  I, ch.  iv, letter of De",The Waste Land
1321,      Quadra to Philip of Spain:,The Waste Land
1321,    ,The Waste Land
1321,"      “In the afternoon we were in a barge, watching the games on the",The Waste Land
1321,      river. (The queen) was alone with Lord Robert and myself on the,The Waste Land
1321,"      poop, when they began to talk nonsense, and went so far that Lord",The Waste Land
1321,"      Robert at last said, as I was on the spot there was no reason why",The Waste Land
1321,      they should not be married if the queen pleased.”,The Waste Land
1321,    ,The Waste Land
1321,"      293.  Cf.  _Purgatorio_, v.  133:",The Waste Land
1321,    ,The Waste Land
1321,,The Waste Land
1321,"       “Ricorditi di me, che son la Pia;",The Waste Land
1321,"       Siena mi fe’, disfecemi Maremma.”    ",The Waste Land
1321,      ,The Waste Land
1321,      307.  V. St. Augustine’s _Confessions_:  “to Carthage then I,The Waste Land
1321,"      came, where a cauldron of unholy loves sang all about mine ears.”",The Waste Land
1321,    ,The Waste Land
1321,      308.  The complete text of the Buddha’s Fire Sermon (which,The Waste Land
1321,      corresponds in importance to the Sermon on the Mount) from which,The Waste Land
1321,"      these words are taken, will be found translated in the late Henry",The Waste Land
1321,      Clarke Warren’s _Buddhism in Translation_ (Harvard Oriental,The Waste Land
1321,      Series). Mr. Warren was one of the great pioneers of Buddhist,The Waste Land
1321,      studies in the Occident.,The Waste Land
1321,    ,The Waste Land
1321,      309.  From St. Augustine’s _Confessions_ again.  The collocation,The Waste Land
1321,"      of these two representatives of eastern and western asceticism,",The Waste Land
1321,"      as the culmination of this part of the poem, is not an accident.",The Waste Land
1321,    ,The Waste Land
1321,      V. WHAT THE THUNDER SAID,The Waste Land
1321,    ,The Waste Land
1321,      In the first part of Part V three themes are employed:,The Waste Land
1321,"      the journey to Emmaus, the approach to the Chapel Perilous",The Waste Land
1321,      (see Miss Weston’s book) and the present decay of eastern Europe.,The Waste Land
1321,    ,The Waste Land
1321,"      357.  This is _Turdus aonalaschkae pallasii_, the hermit-thrush",The Waste Land
1321,      which I have heard in Quebec County.  Chapman says (_Handbook of,The Waste Land
1321,      Birds of Eastern North America_) “it is most at home in secluded,The Waste Land
1321,      woodland and thickety retreats. . . . Its notes are not,The Waste Land
1321,"      remarkable for variety or volume, but in purity and sweetness of",The Waste Land
1321,      tone and exquisite modulation they are unequalled.”  Its,The Waste Land
1321,      “water-dripping song” is justly celebrated.,The Waste Land
1321,    ,The Waste Land
1321,      360.  The following lines were stimulated by the account of one,The Waste Land
1321,"      of the Antarctic expeditions (I forget which, but I think one",The Waste Land
1321,"      of Shackleton’s): it was related that the party of explorers,",The Waste Land
1321,"      at the extremity of their strength, had the constant delusion",The Waste Land
1321,      that there was _one more member_ than could actually be counted.,The Waste Land
1321,    ,The Waste Land
1321,"      366-76. Cf.  Hermann Hesse, _Blick ins Chaos_:",The Waste Land
1321,    ,The Waste Land
1321,"      “Schon ist halb Europa, schon ist zumindest der halbe Osten",The Waste Land
1321,"      Europas auf dem Wege zum Chaos, fährt betrunken im heiligem Wahn",The Waste Land
1321,"      am Abgrund entlang und singt dazu, singt betrunken und hymnisch",The Waste Land
1321,      wie Dmitri Karamasoff sang. Ueber diese Lieder lacht der Bürger,The Waste Land
1321,"      beleidigt, der Heilige und Seher hört sie mit Tränen.”",The Waste Land
1321,    ,The Waste Land
1321,"      401.  “Datta, dayadhvam, damyata” (Give, sympathize,",The Waste Land
1321,      control). The fable of the meaning of the Thunder is found,The Waste Land
1321,"      in the _Brihadaranyaka—Upanishad_, 5, 1.  A translation is found",The Waste Land
1321,"      in Deussen’s _Sechzig Upanishads des Veda_, p.  489.",The Waste Land
1321,    ,The Waste Land
1321,"      407.  Cf.  Webster, _The White Devil_, v.  vi:",The Waste Land
1321,    ,The Waste Land
1321,,The Waste Land
1321,                                                      “. . . they’ll remarry,The Waste Land
1321,"     Ere the worm pierce your winding-sheet, ere the spider",The Waste Land
1321,     Make a thin curtain for your epitaphs.”    ,The Waste Land
1321,"      411.  Cf.  _Inferno_, xxxiii.  46:",The Waste Land
1321,    ,The Waste Land
1321,,The Waste Land
1321,            “ed io sentii chiavar l’uscio di sotto,The Waste Land
1321,            all’orribile torre.”    ,The Waste Land
1321,"      Also F. H. Bradley, _Appearance and Reality_, p.  346:",The Waste Land
1321,    ,The Waste Land
1321,      “My external sensations are no less private to myself than are my,The Waste Land
1321,      thoughts or my feelings.  In either case my experience falls,The Waste Land
1321,"      within my own circle, a circle closed on the outside; and, with",The Waste Land
1321,"      all its elements alike, every sphere is opaque to the others",The Waste Land
1321,"      which surround it. . . . In brief, regarded as an existence which",The Waste Land
1321,"      appears in a soul, the whole world for each is peculiar and",The Waste Land
1321,      private to that soul.”,The Waste Land
1321,    ,The Waste Land
1321,"      424.  V. Weston, From _Ritual to Romance_; chapter on the Fisher",The Waste Land
1321,      King.,The Waste Land
1321,    ,The Waste Land
1321,"      427.  V.  _Purgatorio_, xxvi.  148.",The Waste Land
1321,    ,The Waste Land
1321,,The Waste Land
1321,            “‘Ara vos prec per aquella valor,The Waste Land
1321,"             ‘que vos guida al som de l’escalina,",The Waste Land
1321,             ‘sovegna vos a temps de ma dolor.’,The Waste Land
1321,              Poi s’ascose nel foco che gli affina.”    ,The Waste Land
1321,      428.  V.  _Pervigilium Veneris_.  Cf.  Philomela in Parts II and,The Waste Land
1321,      III.,The Waste Land
1321,    ,The Waste Land
1321,"      429.  V. Gerard de Nerval, Sonnet _El Desdichado_.",The Waste Land
1321,    ,The Waste Land
1321,      431.  V. Kyd’s _Spanish Tragedy_.,The Waste Land
1321,    ,The Waste Land
1321,"      433.  Shantih.  Repeated as here, a formal ending to an",The Waste Land
1321,      Upanishad. ‘The Peace which passeth understanding’ is a feeble,The Waste Land
1321,      translation of the content of this word.,The Waste Land
1459,PRUFROCK AND OTHER OBSERVATIONS,Prufrock and Other Observations
1459,,Prufrock and Other Observations
1459,By T. S. Eliot,Prufrock and Other Observations
1459,,Prufrock and Other Observations
1459,,Prufrock and Other Observations
1459,,Prufrock and Other Observations
1459,,Prufrock and Other Observations
1459,                  To Jean Verdenal 1889-1915,Prufrock and Other Observations
1459,,Prufrock and Other Observations
1459,,Prufrock and Other Observations
1459,Certain of these poems appeared first in “Poetry” and “Others”,Prufrock and Other Observations
1459,,Prufrock and Other Observations
1459,,Prufrock and Other Observations
1459,Contents,Prufrock and Other Observations
1459,,Prufrock and Other Observations
1459,     The Love Song of J. Alfred Prufrock,Prufrock and Other Observations
1459,     Portrait of a Lady,Prufrock and Other Observations
1459,     Preludes,Prufrock and Other Observations
1459,     Rhapsody on a Windy Night,Prufrock and Other Observations
1459,     Morning at the Window,Prufrock and Other Observations
1459,     The Boston Evening Transcript,Prufrock and Other Observations
1459,     Aunt Helen,Prufrock and Other Observations
1459,     Cousin Nancy,Prufrock and Other Observations
1459,     Mr. Apollinax,Prufrock and Other Observations
1459,     Hysteria,Prufrock and Other Observations
1459,     Conversation Galante,Prufrock and Other Observations
1459,     La Figlia Che Piange,Prufrock and Other Observations
1459,,Prufrock and Other Observations
1459,,Prufrock and Other Observations
1459,,Prufrock and Other Observations
1459,,Prufrock and Other Observations
1459,The Love Song of J. Alfred Prufrock,Prufrock and Other Observations
1459,,Prufrock and Other Observations
1459,,Prufrock and Other Observations
1459,  _S’io credesse che mia risposta fosse,Prufrock and Other Observations
1459,"  A persona che mai tornasse al mondo,",Prufrock and Other Observations
1459,  Questa fiamma staria senza piu scosse.,Prufrock and Other Observations
1459,  Ma perciocche giammai di questo fondo,Prufrock and Other Observations
1459,"  Non torno vivo alcun, s’i’odo il vero,",Prufrock and Other Observations
1459,  Senza tema d’infamia ti rispondo._,Prufrock and Other Observations
1459,,Prufrock and Other Observations
1459,,Prufrock and Other Observations
1459,,Prufrock and Other Observations
1459," Let us go then, you and I,",Prufrock and Other Observations
1459, When the evening is spread out against the sky,Prufrock and Other Observations
1459, Like a patient etherized upon a table;,Prufrock and Other Observations
1459," Let us go, through certain half-deserted streets,",Prufrock and Other Observations
1459, The muttering retreats,Prufrock and Other Observations
1459, Of restless nights in one-night cheap hotels,Prufrock and Other Observations
1459, And sawdust restaurants with oyster-shells:,Prufrock and Other Observations
1459, Streets that follow like a tedious argument,Prufrock and Other Observations
1459, Of insidious intent,Prufrock and Other Observations
1459, To lead you to an overwhelming question ...,Prufrock and Other Observations
1459," Oh, do not ask, “What is it?”",Prufrock and Other Observations
1459, Let us go and make our visit.,Prufrock and Other Observations
1459,,Prufrock and Other Observations
1459, In the room the women come and go,Prufrock and Other Observations
1459, Talking of Michelangelo.,Prufrock and Other Observations
1459,,Prufrock and Other Observations
1459," The yellow fog that rubs its back upon the window-panes,",Prufrock and Other Observations
1459," The yellow smoke that rubs its muzzle on the window-panes,",Prufrock and Other Observations
1459," Licked its tongue into the corners of the evening,",Prufrock and Other Observations
1459," Lingered upon the pools that stand in drains,",Prufrock and Other Observations
1459," Let fall upon its back the soot that falls from chimneys,",Prufrock and Other Observations
1459," Slipped by the terrace, made a sudden leap,",Prufrock and Other Observations
1459," And seeing that it was a soft October night,",Prufrock and Other Observations
1459," Curled once about the house, and fell asleep.",Prufrock and Other Observations
1459,,Prufrock and Other Observations
1459, And indeed there will be time,Prufrock and Other Observations
1459," For the yellow smoke that slides along the street,",Prufrock and Other Observations
1459, Rubbing its back upon the window-panes;,Prufrock and Other Observations
1459," There will be time, there will be time",Prufrock and Other Observations
1459, To prepare a face to meet the faces that you meet;,Prufrock and Other Observations
1459," There will be time to murder and create,",Prufrock and Other Observations
1459, And time for all the works and days of hands,Prufrock and Other Observations
1459, That lift and drop a question on your plate;,Prufrock and Other Observations
1459," Time for you and time for me,",Prufrock and Other Observations
1459," And time yet for a hundred indecisions,",Prufrock and Other Observations
1459," And for a hundred visions and revisions,",Prufrock and Other Observations
1459, Before the taking of a toast and tea.,Prufrock and Other Observations
1459,,Prufrock and Other Observations
1459, In the room the women come and go,Prufrock and Other Observations
1459, Talking of Michelangelo.,Prufrock and Other Observations
1459,,Prufrock and Other Observations
1459, And indeed there will be time,Prufrock and Other Observations
1459," To wonder, “Do I dare?” and, “Do I dare?”",Prufrock and Other Observations
1459," Time to turn back and descend the stair,",Prufrock and Other Observations
1459, With a bald spot in the middle of my hair--,Prufrock and Other Observations
1459, (They will say: “How his hair is growing thin!”),Prufrock and Other Observations
1459," My morning coat, my collar mounting firmly to the chin,",Prufrock and Other Observations
1459," My necktie rich and modest, but asserted by a simple pin--",Prufrock and Other Observations
1459, (They will say: “But how his arms and legs are thin!”),Prufrock and Other Observations
1459, Do I dare,Prufrock and Other Observations
1459, Disturb the universe?,Prufrock and Other Observations
1459, In a minute there is time,Prufrock and Other Observations
1459, For decisions and revisions which a minute will reverse.,Prufrock and Other Observations
1459,,Prufrock and Other Observations
1459," For I have known them all already, known them all:",Prufrock and Other Observations
1459," Have known the evenings, mornings, afternoons,",Prufrock and Other Observations
1459, I have measured out my life with coffee spoons;,Prufrock and Other Observations
1459, I know the voices dying with a dying fall,Prufrock and Other Observations
1459, Beneath the music from a farther room.,Prufrock and Other Observations
1459,   So how should I presume?,Prufrock and Other Observations
1459," And I have known the eyes already, known them all--",Prufrock and Other Observations
1459," The eyes that fix you in a formulated phrase,",Prufrock and Other Observations
1459," And when I am formulated, sprawling on a pin,",Prufrock and Other Observations
1459," When I am pinned and wriggling on the wall,",Prufrock and Other Observations
1459, Then how should I begin,Prufrock and Other Observations
1459, To spit out all the butt-ends of my days and ways?,Prufrock and Other Observations
1459,   And how should I presume?,Prufrock and Other Observations
1459,,Prufrock and Other Observations
1459," And I have known the arms already, known them all--",Prufrock and Other Observations
1459, Arms that are braceleted and white and bare,Prufrock and Other Observations
1459," (But in the lamplight, downed with light brown hair!)",Prufrock and Other Observations
1459, Is it perfume from a dress,Prufrock and Other Observations
1459, That makes me so digress?,Prufrock and Other Observations
1459," Arms that lie along a table, or wrap about a shawl.",Prufrock and Other Observations
1459,   And should I then presume?,Prufrock and Other Observations
1459,   And how should I begin?,Prufrock and Other Observations
1459,,Prufrock and Other Observations
1459,           *         *         *         *,Prufrock and Other Observations
1459,,Prufrock and Other Observations
1459," Shall I say, I have gone at dusk through narrow streets",Prufrock and Other Observations
1459, And watched the smoke that rises from the pipes,Prufrock and Other Observations
1459," Of lonely men in shirt-sleeves, leaning out of windows? ...",Prufrock and Other Observations
1459,,Prufrock and Other Observations
1459, I should have been a pair of ragged claws,Prufrock and Other Observations
1459, Scuttling across the floors of silent seas.,Prufrock and Other Observations
1459,,Prufrock and Other Observations
1459,           *         *         *         *,Prufrock and Other Observations
1459,,Prufrock and Other Observations
1459," And the afternoon, the evening, sleeps so peacefully!",Prufrock and Other Observations
1459," Smoothed by long fingers,",Prufrock and Other Observations
1459," Asleep ... tired ... or it malingers,",Prufrock and Other Observations
1459," Stretched on the floor, here beside you and me.",Prufrock and Other Observations
1459," Should I, after tea and cakes and ices,",Prufrock and Other Observations
1459, Have the strength to force the moment to its crisis?,Prufrock and Other Observations
1459," But though I have wept and fasted, wept and prayed,",Prufrock and Other Observations
1459," Though I have seen my head (grown slightly bald) brought in upon a platter,",Prufrock and Other Observations
1459, I am no prophet--and here’s no great matter;,Prufrock and Other Observations
1459," I have seen the moment of my greatness flicker,",Prufrock and Other Observations
1459," And I have seen the eternal Footman hold my coat, and snicker,",Prufrock and Other Observations
1459," And in short, I was afraid.",Prufrock and Other Observations
1459,,Prufrock and Other Observations
1459," And would it have been worth it, after all,",Prufrock and Other Observations
1459," After the cups, the marmalade, the tea,",Prufrock and Other Observations
1459," Among the porcelain, among some talk of you and me,",Prufrock and Other Observations
1459," Would it have been worth while,",Prufrock and Other Observations
1459," To have bitten off the matter with a smile,",Prufrock and Other Observations
1459, To have squeezed the universe into a ball,Prufrock and Other Observations
1459," To roll it toward some overwhelming question,",Prufrock and Other Observations
1459," To say: “I am Lazarus, come from the dead,",Prufrock and Other Observations
1459," Come back to tell you all, I shall tell you all”--",Prufrock and Other Observations
1459," If one, settling a pillow by her head,",Prufrock and Other Observations
1459,   Should say: “That is not what I meant at all;,Prufrock and Other Observations
1459,"   That is not it, at all.”",Prufrock and Other Observations
1459,,Prufrock and Other Observations
1459," And would it have been worth it, after all,",Prufrock and Other Observations
1459," Would it have been worth while,",Prufrock and Other Observations
1459," After the sunsets and the dooryards and the sprinkled streets,",Prufrock and Other Observations
1459," After the novels, after the teacups, after the skirts that trail along the",Prufrock and Other Observations
1459,     floor--,Prufrock and Other Observations
1459," And this, and so much more?--",Prufrock and Other Observations
1459, It is impossible to say just what I mean!,Prufrock and Other Observations
1459, But as if a magic lantern threw the nerves in patterns on a screen:,Prufrock and Other Observations
1459, Would it have been worth while,Prufrock and Other Observations
1459," If one, settling a pillow or throwing off a shawl,",Prufrock and Other Observations
1459," And turning toward the window, should say:",Prufrock and Other Observations
1459,"   “That is not it at all,",Prufrock and Other Observations
1459,"   That is not what I meant, at all.”",Prufrock and Other Observations
1459,,Prufrock and Other Observations
1459,           *         *         *         *,Prufrock and Other Observations
1459,,Prufrock and Other Observations
1459," No! I am not Prince Hamlet, nor was meant to be;",Prufrock and Other Observations
1459," Am an attendant lord, one that will do",Prufrock and Other Observations
1459," To swell a progress, start a scene or two,",Prufrock and Other Observations
1459," Advise the prince; no doubt, an easy tool,",Prufrock and Other Observations
1459," Deferential, glad to be of use,",Prufrock and Other Observations
1459," Politic, cautious, and meticulous;",Prufrock and Other Observations
1459," Full of high sentence, but a bit obtuse;",Prufrock and Other Observations
1459," At times, indeed, almost ridiculous--",Prufrock and Other Observations
1459," Almost, at times, the Fool.",Prufrock and Other Observations
1459,,Prufrock and Other Observations
1459, I grow old ... I grow old ...,Prufrock and Other Observations
1459, I shall wear the bottoms of my trousers rolled.,Prufrock and Other Observations
1459,,Prufrock and Other Observations
1459, Shall I part my hair behind? Do I dare to eat a peach?,Prufrock and Other Observations
1459," I shall wear white flannel trousers, and walk upon the beach.",Prufrock and Other Observations
1459," I have heard the mermaids singing, each to each.",Prufrock and Other Observations
1459,,Prufrock and Other Observations
1459, I do not think that they will sing to me.,Prufrock and Other Observations
1459,,Prufrock and Other Observations
1459, I have seen them riding seaward on the waves,Prufrock and Other Observations
1459, Combing the white hair of the waves blown back,Prufrock and Other Observations
1459, When the wind blows the water white and black.,Prufrock and Other Observations
1459, We have lingered in the chambers of the sea,Prufrock and Other Observations
1459, By sea-girls wreathed with seaweed red and brown,Prufrock and Other Observations
1459," Till human voices wake us, and we drown.",Prufrock and Other Observations
1459,,Prufrock and Other Observations
1459,,Prufrock and Other Observations
1459,,Prufrock and Other Observations
1459,,Prufrock and Other Observations
1459,Portrait of a Lady,Prufrock and Other Observations
1459,,Prufrock and Other Observations
1459,           Thou hast committed--,Prufrock and Other Observations
1459,"           Fornication: but that was in another country,",Prufrock and Other Observations
1459,"           And besides, the wench is dead.",Prufrock and Other Observations
1459,                                 The Jew Of Malta,Prufrock and Other Observations
1459,,Prufrock and Other Observations
1459,,Prufrock and Other Observations
1459, I,Prufrock and Other Observations
1459,,Prufrock and Other Observations
1459, Among the smoke and fog of a December afternoon,Prufrock and Other Observations
1459, You have the scene arrange itself--as it will seem to do--,Prufrock and Other Observations
1459, With “I have saved this afternoon for you”;,Prufrock and Other Observations
1459," And four wax candles in the darkened room,",Prufrock and Other Observations
1459," Four rings of light upon the ceiling overhead,",Prufrock and Other Observations
1459, An atmosphere of Juliet’s tomb,Prufrock and Other Observations
1459," Prepared for all the things to be said, or left unsaid.",Prufrock and Other Observations
1459," We have been, let us say, to hear the latest Pole",Prufrock and Other Observations
1459," Transmit the Preludes, through his hair and finger tips.",Prufrock and Other Observations
1459," “So intimate, this Chopin, that I think his soul",Prufrock and Other Observations
1459, Should be resurrected only among friends,Prufrock and Other Observations
1459," Some two or three, who will not touch the bloom",Prufrock and Other Observations
1459, That is rubbed and questioned in the concert room.”,Prufrock and Other Observations
1459, --And so the conversation slips,Prufrock and Other Observations
1459, Among velleities and carefully caught regrets,Prufrock and Other Observations
1459, Through attenuated tones of violins,Prufrock and Other Observations
1459, Mingled with remote cornets,Prufrock and Other Observations
1459, And begins.,Prufrock and Other Observations
1459,,Prufrock and Other Observations
1459," “You do not know how much they mean to me, my friends,",Prufrock and Other Observations
1459," And how, how rare and strange it is, to find",Prufrock and Other Observations
1459," In a life composed so much, so much of odds and ends,",Prufrock and Other Observations
1459, (For indeed I do not love it ... you knew? you are not blind!,Prufrock and Other Observations
1459, How keen you are!),Prufrock and Other Observations
1459," To find a friend who has these qualities,",Prufrock and Other Observations
1459," Who has, and gives",Prufrock and Other Observations
1459, Those qualities upon which friendship lives.,Prufrock and Other Observations
1459, How much it means that I say this to you--,Prufrock and Other Observations
1459," Without these friendships--life, what cauchemar!”",Prufrock and Other Observations
1459, Among the windings of the violins,Prufrock and Other Observations
1459, And the ariettes,Prufrock and Other Observations
1459, Of cracked cornets,Prufrock and Other Observations
1459, Inside my brain a dull tom-tom begins,Prufrock and Other Observations
1459," Absurdly hammering a prelude of its own,",Prufrock and Other Observations
1459, Capricious monotone,Prufrock and Other Observations
1459, That is at least one definite “false note.”,Prufrock and Other Observations
1459," --Let us take the air, in a tobacco trance,",Prufrock and Other Observations
1459, Admire the monuments,Prufrock and Other Observations
1459," Discuss the late events,",Prufrock and Other Observations
1459, Correct our watches by the public clocks.,Prufrock and Other Observations
1459, Then sit for half an hour and drink our bocks.,Prufrock and Other Observations
1459,,Prufrock and Other Observations
1459,,Prufrock and Other Observations
1459, II,Prufrock and Other Observations
1459,,Prufrock and Other Observations
1459, Now that lilacs are in bloom,Prufrock and Other Observations
1459, She has a bowl of lilacs in her room,Prufrock and Other Observations
1459, And twists one in her fingers while she talks.,Prufrock and Other Observations
1459," “Ah, my friend, you do not know, you do not know",Prufrock and Other Observations
1459," What life is, you who hold it in your hands”;",Prufrock and Other Observations
1459, (Slowly twisting the lilac stalks),Prufrock and Other Observations
1459," “You let it flow from you, you let it flow,",Prufrock and Other Observations
1459," And youth is cruel, and has no remorse",Prufrock and Other Observations
1459, And smiles at situations which it cannot see.”,Prufrock and Other Observations
1459," I smile, of course,",Prufrock and Other Observations
1459, And go on drinking tea.,Prufrock and Other Observations
1459," “Yet with these April sunsets, that somehow recall",Prufrock and Other Observations
1459," My buried life, and Paris in the Spring,",Prufrock and Other Observations
1459," I feel immeasurably at peace, and find the world",Prufrock and Other Observations
1459," To be wonderful and youthful, after all.”",Prufrock and Other Observations
1459,,Prufrock and Other Observations
1459, The voice returns like the insistent out-of-tune,Prufrock and Other Observations
1459, Of a broken violin on an August afternoon:,Prufrock and Other Observations
1459, “I am always sure that you understand,Prufrock and Other Observations
1459," My feelings, always sure that you feel,",Prufrock and Other Observations
1459, Sure that across the gulf you reach your hand.,Prufrock and Other Observations
1459,,Prufrock and Other Observations
1459," You are invulnerable, you have no Achilles’ heel.",Prufrock and Other Observations
1459," You will go on, and when you have prevailed",Prufrock and Other Observations
1459, You can say: at this point many a one has failed.,Prufrock and Other Observations
1459,,Prufrock and Other Observations
1459," But what have I, but what have I, my friend,",Prufrock and Other Observations
1459," To give you, what can you receive from me?",Prufrock and Other Observations
1459, Only the friendship and the sympathy,Prufrock and Other Observations
1459, Of one about to reach her journey’s end.,Prufrock and Other Observations
1459,,Prufrock and Other Observations
1459," I shall sit here, serving tea to friends....”",Prufrock and Other Observations
1459,,Prufrock and Other Observations
1459, I take my hat: how can I make a cowardly amends,Prufrock and Other Observations
1459, For what she has said to me?,Prufrock and Other Observations
1459, You will see me any morning in the park,Prufrock and Other Observations
1459, Reading the comics and the sporting page.,Prufrock and Other Observations
1459, Particularly I remark,Prufrock and Other Observations
1459, An English countess goes upon the stage.,Prufrock and Other Observations
1459," A Greek was murdered at a Polish dance,",Prufrock and Other Observations
1459, Another bank defaulter has confessed.,Prufrock and Other Observations
1459," I keep my countenance,",Prufrock and Other Observations
1459, I remain self-possessed,Prufrock and Other Observations
1459," Except when a street piano, mechanical and tired",Prufrock and Other Observations
1459, Reiterates some worn-out common song,Prufrock and Other Observations
1459, With the smell of hyacinths across the garden,Prufrock and Other Observations
1459, Recalling things that other people have desired.,Prufrock and Other Observations
1459, Are these ideas right or wrong?,Prufrock and Other Observations
1459,,Prufrock and Other Observations
1459,,Prufrock and Other Observations
1459, III,Prufrock and Other Observations
1459,,Prufrock and Other Observations
1459, The October night comes down; returning as before,Prufrock and Other Observations
1459, Except for a slight sensation of being ill at ease,Prufrock and Other Observations
1459, I mount the stairs and turn the handle of the door,Prufrock and Other Observations
1459, And feel as if I had mounted on my hands and knees.,Prufrock and Other Observations
1459,,Prufrock and Other Observations
1459, “And so you are going abroad; and when do you return?,Prufrock and Other Observations
1459, But that’s a useless question.,Prufrock and Other Observations
1459," You hardly know when you are coming back,",Prufrock and Other Observations
1459, You will find so much to learn.”,Prufrock and Other Observations
1459, My smile falls heavily among the bric-à-brac.,Prufrock and Other Observations
1459,,Prufrock and Other Observations
1459, “Perhaps you can write to me.”,Prufrock and Other Observations
1459, My self-possession flares up for a second;,Prufrock and Other Observations
1459, This is as I had reckoned.,Prufrock and Other Observations
1459, “I have been wondering frequently of late,Prufrock and Other Observations
1459, (But our beginnings never know our ends!),Prufrock and Other Observations
1459, Why we have not developed into friends.”,Prufrock and Other Observations
1459," I feel like one who smiles, and turning shall remark",Prufrock and Other Observations
1459," Suddenly, his expression in a glass.",Prufrock and Other Observations
1459, My self-possession gutters; we are really in the dark.,Prufrock and Other Observations
1459,,Prufrock and Other Observations
1459," “For everybody said so, all our friends,",Prufrock and Other Observations
1459, They all were sure our feelings would relate,Prufrock and Other Observations
1459, So closely! I myself can hardly understand.,Prufrock and Other Observations
1459, We must leave it now to fate.,Prufrock and Other Observations
1459," You will write, at any rate.",Prufrock and Other Observations
1459," Perhaps it is not too late,",Prufrock and Other Observations
1459," I shall sit here, serving tea to friends.”",Prufrock and Other Observations
1459,,Prufrock and Other Observations
1459, And I must borrow every changing,Prufrock and Other Observations
1459," find expression ... dance, dance",Prufrock and Other Observations
1459," Like a dancing bear,",Prufrock and Other Observations
1459," Cry like a parrot, chatter like an ape.",Prufrock and Other Observations
1459," Let us take the air, in a tobacco trance--",Prufrock and Other Observations
1459,,Prufrock and Other Observations
1459," Well! and what if she should die some afternoon,",Prufrock and Other Observations
1459," Afternoon grey and smoky, evening yellow and rose;",Prufrock and Other Observations
1459, Should die and leave me sitting pen in hand,Prufrock and Other Observations
1459, With the smoke coming down above the housetops;,Prufrock and Other Observations
1459," Doubtful, for quite a while",Prufrock and Other Observations
1459, Not knowing what to feel or if I understand,Prufrock and Other Observations
1459," Or whether wise or foolish, tardy or too soon ...",Prufrock and Other Observations
1459," Would she not have the advantage, after all?",Prufrock and Other Observations
1459, This music is successful with a “dying fall”,Prufrock and Other Observations
1459, Now that we talk of dying--,Prufrock and Other Observations
1459, And should I have the right to smile?,Prufrock and Other Observations
1459,,Prufrock and Other Observations
1459,,Prufrock and Other Observations
1459,,Prufrock and Other Observations
1459,,Prufrock and Other Observations
1459,Preludes,Prufrock and Other Observations
1459,,Prufrock and Other Observations
1459, I,Prufrock and Other Observations
1459,,Prufrock and Other Observations
1459, The winter evening settles down,Prufrock and Other Observations
1459, With smell of steaks in passageways.,Prufrock and Other Observations
1459, Six o’clock.,Prufrock and Other Observations
1459, The burnt-out ends of smoky days.,Prufrock and Other Observations
1459, And now a gusty shower wraps,Prufrock and Other Observations
1459, The grimy scraps,Prufrock and Other Observations
1459, Of withered leaves about your feet,Prufrock and Other Observations
1459, And newspapers from vacant lots;,Prufrock and Other Observations
1459, The showers beat,Prufrock and Other Observations
1459," On broken blinds and chimney-pots,",Prufrock and Other Observations
1459, And at the corner of the street,Prufrock and Other Observations
1459, A lonely cab-horse steams and stamps.,Prufrock and Other Observations
1459, And then the lighting of the lamps.,Prufrock and Other Observations
1459,,Prufrock and Other Observations
1459,,Prufrock and Other Observations
1459, II,Prufrock and Other Observations
1459,,Prufrock and Other Observations
1459, The morning comes to consciousness,Prufrock and Other Observations
1459, Of faint stale smells of beer,Prufrock and Other Observations
1459, From the sawdust-trampled street,Prufrock and Other Observations
1459, With all its muddy feet that press,Prufrock and Other Observations
1459, To early coffee-stands.,Prufrock and Other Observations
1459, With the other masquerades,Prufrock and Other Observations
1459," That time resumes,",Prufrock and Other Observations
1459, One thinks of all the hands,Prufrock and Other Observations
1459, That are raising dingy shades,Prufrock and Other Observations
1459, In a thousand furnished rooms.,Prufrock and Other Observations
1459,,Prufrock and Other Observations
1459,,Prufrock and Other Observations
1459, III,Prufrock and Other Observations
1459,,Prufrock and Other Observations
1459," You tossed a blanket from the bed,",Prufrock and Other Observations
1459," You lay upon your back, and waited;",Prufrock and Other Observations
1459," You dozed, and watched the night revealing",Prufrock and Other Observations
1459, The thousand sordid images,Prufrock and Other Observations
1459, Of which your soul was constituted;,Prufrock and Other Observations
1459, They flickered against the ceiling.,Prufrock and Other Observations
1459, And when all the world came back,Prufrock and Other Observations
1459," And the light crept up between the shutters,",Prufrock and Other Observations
1459," And you heard the sparrows in the gutters,",Prufrock and Other Observations
1459, You had such a vision of the street,Prufrock and Other Observations
1459, As the street hardly understands;,Prufrock and Other Observations
1459," Sitting along the bed’s edge, where",Prufrock and Other Observations
1459," You curled the papers from your hair,",Prufrock and Other Observations
1459, Or clasped the yellow soles of feet,Prufrock and Other Observations
1459, In the palms of both soiled hands.,Prufrock and Other Observations
1459,,Prufrock and Other Observations
1459,,Prufrock and Other Observations
1459, IV,Prufrock and Other Observations
1459,,Prufrock and Other Observations
1459, His soul stretched tight across the skies,Prufrock and Other Observations
1459," That fade behind a city block,",Prufrock and Other Observations
1459, Or trampled by insistent feet,Prufrock and Other Observations
1459, At four and five and six o’clock,Prufrock and Other Observations
1459," And short square fingers stuffing pipes,",Prufrock and Other Observations
1459," And evening newspapers, and eyes",Prufrock and Other Observations
1459," Assured of certain certainties,",Prufrock and Other Observations
1459, The conscience of a blackened street,Prufrock and Other Observations
1459, Impatient to assume the world.,Prufrock and Other Observations
1459, I am moved by fancies that are curled,Prufrock and Other Observations
1459," Around these images, and cling:",Prufrock and Other Observations
1459, The notion of some infinitely gentle,Prufrock and Other Observations
1459, Infinitely suffering thing.,Prufrock and Other Observations
1459," Wipe your hand across your mouth, and laugh;",Prufrock and Other Observations
1459, The worlds revolve like ancient women,Prufrock and Other Observations
1459, Gathering fuel in vacant lots.,Prufrock and Other Observations
1459,,Prufrock and Other Observations
1459,,Prufrock and Other Observations
1459,,Prufrock and Other Observations
1459,,Prufrock and Other Observations
1459,Rhapsody on a Windy Night,Prufrock and Other Observations
1459,,Prufrock and Other Observations
1459, Twelve o’clock.,Prufrock and Other Observations
1459, Along the reaches of the street,Prufrock and Other Observations
1459," Held in a lunar synthesis,",Prufrock and Other Observations
1459, Whispering lunar incantations,Prufrock and Other Observations
1459, Dissolve the floors of the memory,Prufrock and Other Observations
1459," And all its clear relations,",Prufrock and Other Observations
1459," Its divisions and precisions,",Prufrock and Other Observations
1459, Every street lamp that I pass,Prufrock and Other Observations
1459," Beats like a fatalistic drum,",Prufrock and Other Observations
1459, And through the spaces of the dark,Prufrock and Other Observations
1459, Midnight shakes the memory,Prufrock and Other Observations
1459, As a madman shakes a dead geranium.,Prufrock and Other Observations
1459,,Prufrock and Other Observations
1459," Half-past one,",Prufrock and Other Observations
1459," The street lamp sputtered,",Prufrock and Other Observations
1459," The street lamp muttered,",Prufrock and Other Observations
1459," The street lamp said,",Prufrock and Other Observations
1459, “Regard that woman,Prufrock and Other Observations
1459, Who hesitates toward you in the light of the door,Prufrock and Other Observations
1459, Which opens on her like a grin.,Prufrock and Other Observations
1459, You see the border of her dress,Prufrock and Other Observations
1459," Is torn and stained with sand,",Prufrock and Other Observations
1459, And you see the corner of her eye,Prufrock and Other Observations
1459, Twists like a crooked pin.”,Prufrock and Other Observations
1459,,Prufrock and Other Observations
1459, The memory throws up high and dry,Prufrock and Other Observations
1459, A crowd of twisted things;,Prufrock and Other Observations
1459, A twisted branch upon the beach,Prufrock and Other Observations
1459," Eaten smooth, and polished",Prufrock and Other Observations
1459, As if the world gave up,Prufrock and Other Observations
1459," The secret of its skeleton,",Prufrock and Other Observations
1459, Stiff and white.,Prufrock and Other Observations
1459," A broken spring in a factory yard,",Prufrock and Other Observations
1459, Rust that clings to the form that the strength has left,Prufrock and Other Observations
1459, Hard and curled and ready to snap.,Prufrock and Other Observations
1459,,Prufrock and Other Observations
1459," Half-past two,",Prufrock and Other Observations
1459," The street lamp said,",Prufrock and Other Observations
1459," “Remark the cat which flattens itself in the gutter,",Prufrock and Other Observations
1459, Slips out its tongue,Prufrock and Other Observations
1459, And devours a morsel of rancid butter.”,Prufrock and Other Observations
1459," So the hand of a child, automatic",Prufrock and Other Observations
1459, Slipped out and pocketed a toy that was running along the quay.,Prufrock and Other Observations
1459, I could see nothing behind that child’s eye.,Prufrock and Other Observations
1459, I have seen eyes in the street,Prufrock and Other Observations
1459," Trying to peer through lighted shutters,",Prufrock and Other Observations
1459," And a crab one afternoon in a pool,",Prufrock and Other Observations
1459," An old crab with barnacles on his back,",Prufrock and Other Observations
1459, Gripped the end of a stick which I held him.,Prufrock and Other Observations
1459,,Prufrock and Other Observations
1459," Half-past three,",Prufrock and Other Observations
1459," The lamp sputtered,",Prufrock and Other Observations
1459, The lamp muttered in the dark.,Prufrock and Other Observations
1459,,Prufrock and Other Observations
1459, The lamp hummed:,Prufrock and Other Observations
1459," “Regard the moon,",Prufrock and Other Observations
1459," La lune ne garde aucune rancune,",Prufrock and Other Observations
1459," She winks a feeble eye,",Prufrock and Other Observations
1459, She smiles into corners.,Prufrock and Other Observations
1459, She smoothes the hair of the grass.,Prufrock and Other Observations
1459, The moon has lost her memory.,Prufrock and Other Observations
1459," A washed-out smallpox cracks her face,",Prufrock and Other Observations
1459," Her hand twists a paper rose,",Prufrock and Other Observations
1459," That smells of dust and old Cologne,",Prufrock and Other Observations
1459, She is alone,Prufrock and Other Observations
1459, With all the old nocturnal smells,Prufrock and Other Observations
1459, That cross and cross across her brain.,Prufrock and Other Observations
1459, The reminiscence comes,Prufrock and Other Observations
1459, Of sunless dry geraniums,Prufrock and Other Observations
1459," And dust in crevices,",Prufrock and Other Observations
1459," Smells of chestnuts in the streets,",Prufrock and Other Observations
1459," And female smells in shuttered rooms,",Prufrock and Other Observations
1459, And cigarettes in corridors,Prufrock and Other Observations
1459, And cocktail smells in bars.”,Prufrock and Other Observations
1459,,Prufrock and Other Observations
1459," The lamp said,",Prufrock and Other Observations
1459," “Four o’clock,",Prufrock and Other Observations
1459, Here is the number on the door.,Prufrock and Other Observations
1459, Memory!,Prufrock and Other Observations
1459," You have the key,",Prufrock and Other Observations
1459," The little lamp spreads a ring on the stair,",Prufrock and Other Observations
1459, Mount.,Prufrock and Other Observations
1459, The bed is open; the tooth-brush hangs on the wall,Prufrock and Other Observations
1459," Put your shoes at the door, sleep, prepare for life.”",Prufrock and Other Observations
1459,,Prufrock and Other Observations
1459, The last twist of the knife.,Prufrock and Other Observations
1459,,Prufrock and Other Observations
1459,,Prufrock and Other Observations
1459,,Prufrock and Other Observations
1459,,Prufrock and Other Observations
1459,Morning at the Window,Prufrock and Other Observations
1459,,Prufrock and Other Observations
1459," They are rattling breakfast plates in basement kitchens,",Prufrock and Other Observations
1459, And along the trampled edges of the street,Prufrock and Other Observations
1459, I am aware of the damp souls of housemaids,Prufrock and Other Observations
1459, Sprouting despondently at area gates.,Prufrock and Other Observations
1459,,Prufrock and Other Observations
1459, The brown waves of fog toss up to me,Prufrock and Other Observations
1459," Twisted faces from the bottom of the street,",Prufrock and Other Observations
1459, And tear from a passer-by with muddy skirts,Prufrock and Other Observations
1459, An aimless smile that hovers in the air,Prufrock and Other Observations
1459, And vanishes along the level of the roofs.,Prufrock and Other Observations
1459,,Prufrock and Other Observations
1459,,Prufrock and Other Observations
1459,,Prufrock and Other Observations
1459,,Prufrock and Other Observations
1459,The Boston Evening Transcript,Prufrock and Other Observations
1459,,Prufrock and Other Observations
1459, The readers of the Boston Evening Transcript,Prufrock and Other Observations
1459, Sway in the blind like a field of ripe corn.,Prufrock and Other Observations
1459," When evening quickens faintly in the street,",Prufrock and Other Observations
1459, Wakening the appetites of life in some,Prufrock and Other Observations
1459," And to others bringing the Boston Evening Transcript,",Prufrock and Other Observations
1459," I mount the steps and ring the bell, turning",Prufrock and Other Observations
1459," Wearily, as one would turn to nod good-bye to Rochefoucauld",Prufrock and Other Observations
1459," If the street were time and he at the end of the street,",Prufrock and Other Observations
1459," And I say, “Cousin Harriet, here is the Boston Evening Transcript.”",Prufrock and Other Observations
1459,,Prufrock and Other Observations
1459,,Prufrock and Other Observations
1459,,Prufrock and Other Observations
1459,,Prufrock and Other Observations
1459,Aunt Helen,Prufrock and Other Observations
1459,,Prufrock and Other Observations
1459," Miss Helen Slingsby was my maiden aunt,",Prufrock and Other Observations
1459, And lived in a small house near a fashionable square,Prufrock and Other Observations
1459, Cared for by servants to the number of four.,Prufrock and Other Observations
1459, Now when she died there was silence in heaven,Prufrock and Other Observations
1459, And silence at her end of the street.,Prufrock and Other Observations
1459, The shutters were drawn and the undertaker wiped his feet--,Prufrock and Other Observations
1459, He was aware that this sort of thing had occurred before.,Prufrock and Other Observations
1459," The dogs were handsomely provided for,",Prufrock and Other Observations
1459, But shortly afterwards the parrot died too.,Prufrock and Other Observations
1459," The Dresden clock continued ticking on the mantelpiece,",Prufrock and Other Observations
1459, And the footman sat upon the dining-table,Prufrock and Other Observations
1459, Holding the second housemaid on his knees--,Prufrock and Other Observations
1459, Who had always been so careful while her mistress lived.,Prufrock and Other Observations
1459,,Prufrock and Other Observations
1459,,Prufrock and Other Observations
1459,,Prufrock and Other Observations
1459,,Prufrock and Other Observations
1459,Cousin Nancy,Prufrock and Other Observations
1459,,Prufrock and Other Observations
1459, Miss Nancy Ellicot,Prufrock and Other Observations
1459, Strode across the hills and broke them,Prufrock and Other Observations
1459, Rode across the hills and broke them--,Prufrock and Other Observations
1459, The barren New England hills,Prufrock and Other Observations
1459, Riding to hounds,Prufrock and Other Observations
1459, Over the cow-pasture.,Prufrock and Other Observations
1459,,Prufrock and Other Observations
1459, Miss Nancy Ellicott smoked,Prufrock and Other Observations
1459, And danced all the modern dances;,Prufrock and Other Observations
1459," And her aunts were not quite sure how they felt about it,",Prufrock and Other Observations
1459, But they knew that it was modern.,Prufrock and Other Observations
1459,,Prufrock and Other Observations
1459, Upon the glazen shelves kept watch,Prufrock and Other Observations
1459," Matthew and Waldo, guardians of the faith,",Prufrock and Other Observations
1459, The army of unalterable law.,Prufrock and Other Observations
1459,,Prufrock and Other Observations
1459,,Prufrock and Other Observations
1459,,Prufrock and Other Observations
1459,,Prufrock and Other Observations
1459,Mr. Apollinax,Prufrock and Other Observations
1459,,Prufrock and Other Observations
1459, When Mr. Apollinax visited the United States,Prufrock and Other Observations
1459, His laughter tinkled among the teacups.,Prufrock and Other Observations
1459," I thought of Fragilion, that shy figure among the birch-trees,",Prufrock and Other Observations
1459, And of Priapus in the shrubbery,Prufrock and Other Observations
1459, Gaping at the lady in the swing.,Prufrock and Other Observations
1459," In the palace of Mrs. Phlaccus, at Professor Channing-Cheetah’s",Prufrock and Other Observations
1459, He laughed like an irresponsible foetus.,Prufrock and Other Observations
1459, His laughter was submarine and profound,Prufrock and Other Observations
1459, Like the old man of the seats,Prufrock and Other Observations
1459, Hidden under coral islands,Prufrock and Other Observations
1459," Where worried bodies of drowned men drift down in the green silence,",Prufrock and Other Observations
1459, Dropping from fingers of surf.,Prufrock and Other Observations
1459," I looked for the head of Mr. Apollinax rolling under a chair,",Prufrock and Other Observations
1459, Or grinning over a screen,Prufrock and Other Observations
1459, With seaweed in its hair.,Prufrock and Other Observations
1459, I heard the beat of centaurs’ hoofs over the hard turf,Prufrock and Other Observations
1459, As his dry and passionate talk devoured the afternoon.,Prufrock and Other Observations
1459, “He is a charming man”--“But after all what did he mean?”--,Prufrock and Other Observations
1459," “He has pointed ears ... he must be unbalanced,”--",Prufrock and Other Observations
1459, “There was something he said that I might have challenged.”,Prufrock and Other Observations
1459," Of dowager Mrs. Phlaccus, and Professor and Mrs. Cheetah",Prufrock and Other Observations
1459, I remember a slice of lemon and a bitten macaroon.,Prufrock and Other Observations
1459,,Prufrock and Other Observations
1459,,Prufrock and Other Observations
1459,,Prufrock and Other Observations
1459,,Prufrock and Other Observations
1459,Hysteria,Prufrock and Other Observations
1459,,Prufrock and Other Observations
1459, As she laughed I was aware of becoming involved in her laughter and,Prufrock and Other Observations
1459," being part of it, until her teeth were only accidental stars with a",Prufrock and Other Observations
1459," talent for squad-drill. I was drawn in by short gasps, inhaled at",Prufrock and Other Observations
1459," each momentary recovery, lost finally in the dark caverns of her",Prufrock and Other Observations
1459," throat, bruised by the ripple of unseen muscles. An elderly waiter",Prufrock and Other Observations
1459, with trembling hands was hurriedly spreading a pink and white checked,Prufrock and Other Observations
1459," cloth over the rusty green iron table, saying: “If the lady and",Prufrock and Other Observations
1459," gentleman wish to take their tea in the garden, if the lady and",Prufrock and Other Observations
1459, gentleman wish to take their tea in the garden ...” I decided that,Prufrock and Other Observations
1459," if the shaking of her breasts could be stopped, some of the fragments",Prufrock and Other Observations
1459," of the afternoon might be collected, and I concentrated my attention",Prufrock and Other Observations
1459, with careful subtlety to this end.,Prufrock and Other Observations
1459,,Prufrock and Other Observations
1459,,Prufrock and Other Observations
1459,,Prufrock and Other Observations
1459,,Prufrock and Other Observations
1459,Conversation Galante,Prufrock and Other Observations
1459,,Prufrock and Other Observations
1459, I observe: “Our sentimental friend the moon,Prufrock and Other Observations
1459," Or possibly (fantastic, I confess)",Prufrock and Other Observations
1459, It may be Prester John’s balloon,Prufrock and Other Observations
1459, Or an old battered lantern hung aloft,Prufrock and Other Observations
1459, To light poor travellers to their distress.”,Prufrock and Other Observations
1459,   She then: “How you digress!”,Prufrock and Other Observations
1459,,Prufrock and Other Observations
1459, And I then: “Some one frames upon the keys,Prufrock and Other Observations
1459," That exquisite nocturne, with which we explain",Prufrock and Other Observations
1459, The night and moonshine; music which we seize,Prufrock and Other Observations
1459, To body forth our own vacuity.”,Prufrock and Other Observations
1459,   She then: “Does this refer to me?”,Prufrock and Other Observations
1459,"   “Oh no, it is I who am inane.”",Prufrock and Other Observations
1459,,Prufrock and Other Observations
1459," “You, madam, are the eternal humorist",Prufrock and Other Observations
1459," The eternal enemy of the absolute,",Prufrock and Other Observations
1459, Giving our vagrant moods the slightest twist,Prufrock and Other Observations
1459, With your air indifferent and imperious,Prufrock and Other Observations
1459, At a stroke our mad poetics to confute--”,Prufrock and Other Observations
1459,   And--“Are we then so serious?”,Prufrock and Other Observations
1459,,Prufrock and Other Observations
1459,,Prufrock and Other Observations
1459,,Prufrock and Other Observations
1459,,Prufrock and Other Observations
1459,La Figlia Che Piange,Prufrock and Other Observations
1459,,Prufrock and Other Observations
1459, Stand on the highest pavement of the stair--,Prufrock and Other Observations
1459, Lean on a garden urn--,Prufrock and Other Observations
1459," Weave, weave the sunlight in your hair--",Prufrock and Other Observations
1459, Clasp your flowers to you with a pained surprise--,Prufrock and Other Observations
1459, Fling them to the ground and turn,Prufrock and Other Observations
1459, With a fugitive resentment in your eyes:,Prufrock and Other Observations
1459," But weave, weave the sunlight in your hair.",Prufrock and Other Observations
1459,,Prufrock and Other Observations
1459," So I would have had him leave,",Prufrock and Other Observations
1459," So I would have had her stand and grieve,",Prufrock and Other Observations
1459, So he would have left,Prufrock and Other Observations
1459, As the soul leaves the body torn and bruised,Prufrock and Other Observations
1459, As the mind deserts the body it has used.,Prufrock and Other Observations
1459, I should find,Prufrock and Other Observations
1459," Some way incomparably light and deft,",Prufrock and Other Observations
1459," Some way we both should understand,",Prufrock and Other Observations
1459, Simple and faithless as a smile and shake of the hand.,Prufrock and Other Observations
1459,,Prufrock and Other Observations
1459," She turned away, but with the autumn weather",Prufrock and Other Observations
1459," Compelled my imagination many days,",Prufrock and Other Observations
1459, Many days and many hours:,Prufrock and Other Observations
1459, Her hair over her arms and her arms full of flowers.,Prufrock and Other Observations
1459, And I wonder how they should have been together!,Prufrock and Other Observations
1459, I should have lost a gesture and a pose.,Prufrock and Other Observations
1459, Sometimes these cogitations still amaze,Prufrock and Other Observations
1459, The troubled midnight and the noon’s repose.,Prufrock and Other Observations
